:020000040800F2
:1000000000000220DD430008E9360008EF36000852
:10001000F5360008FB360008013700080000000034
:10002000000000000000000000000000073700088A
:10003000153700080000000023370008313700089A
:100040002D4400082D4400082D4400082D440008CC
:100050002D4400082D4400082D4400082D440008BC
:100060002D4400082D4400082D4400082D440008AC
:100070002D4400082D4400082D4400082D4400089C
:100080002D4400082D4400082D4400082D4400088C
:100090002D4400082D4400082D4400082D4400087C
:1000A0002D4400082D4400082D4400082D4400086C
:1000B0002D4400082D4400083D3700082D44000859
:1000C0002D4400082D4400082D4400082D4400084C
:1000D0002D44000851370008653700082D440008FA
:1000E0002D4400082D4400082D4400082D4400082C
:1000F0002D4400082D4400082D4400082D4400081C
:100100002D4400082D440008793700082D440008CC
:100110002D4400082D4400082D4400082D440008FB
:100120002D4400082D4400082D4400082D440008EB
:100130002D4400082D4400082D4400082D440008DB
:100140002D4400082D4400082D4400082D440008CB
:100150002D4400082D4400082D4400082D440008BB
:100160002D4400082D4400082D4400082D440008AB
:100170002D4400082D4400082D4400080000000014
:080180002D4400082D44000885
:1001900010B5054C237833B9044B13B10448AFF3C1
:1001A00000800123237010BDEC020020000000003D
:1001B0007CED000808B5034B1BB103490348AFF3BE
:1001C000008008BD00000000F00200207CED000867
:1001D000034613F8012B002AFBD1181A0138704787
:1001E00001F0FF01102A2BDB10F0070F08D010F8E8
:1001F000013B013A8B422DD010F0070F42B3F6D1EC
:10020000F0B441EA012141EA014122F007047FF004
:1002100000070023F0E80256083C85EA010586EA5B
:10022000010685FA47F5A3FA87F586FA47F6A5FA97
:1002300087F68EB9EED1F0BC01F0FF0102F00702A3
:1002400032B110F8013B013A83EA010313B1F8D14E
:100250000020704701387047002D06BF354603382F
:10026000073815F0010F07D1013015F4807F02BF68
:10027000013015F4C03F0130F0BC0138704700BFB9
:1002800081F0004102E000BF83F0004330B54FEA47
:1002900041044FEA430594EA050F08BF90EA020FB4
:1002A0001FBF54EA000C55EA020C7FEA645C7FEA47
:1002B000655C00F0E2804FEA5454D4EB5555B8BF6A
:1002C0006D420CDD2C4480EA020281EA030382EADB
:1002D000000083EA010180EA020281EA0303362D6D
:1002E00088BF30BD11F0004F4FEA01314FF4801C40
:1002F0004CEA113102D0404261EB410113F0004F52
:100300004FEA03334CEA133302D0524263EB430308
:1003100094EA050F00F0A780A4F10104D5F1200EA6
:100320000DDB02FA0EFC22FA05F2801841F1000101
:1003300003FA0EF2801843FA05F359410EE0A5F1D5
:1003400020050EF1200E012A03FA0EFC28BF4CF006
:10035000020C43FA05F3C01851EBE37101F00045BC
:1003600007D54FF0000EDCF1000C7EEB00006EEBC9
:100370000101B1F5801F1BD3B1F5001F0CD3490853
:100380005FEA30004FEA3C0C04F101044FEA4452AA
:1003900012F5800F80F09A80BCF1004F08BF5FEA31
:1003A000500C50F1000041EB045141EA050130BD11
:1003B0005FEA4C0C404141EB0101013C28BFB1F523
:1003C000801FE9D291F0000F04BF01460020B1FA6E
:1003D00081F308BF2033A3F10B03B3F120020CDA41
:1003E0000C3208DD02F1140CC2F10C0201FA0CF01F
:1003F00021FA02F10CE002F11402D8BFC2F1200C84
:1004000001FA02F120FA0CFCDCBF41EA0C01904039
:10041000E41AA2BF01EB0451294330BD6FEA040482
:100420001F3C1CDA0C340EDC04F11404C4F120026D
:1004300020FA04F001FA02F340EA030021FA04F37F
:1004400045EA030130BDC4F10C04C4F1200220FAD6
:1004500002F001FA04F340EA0300294630BD21FA14
:1004600004F0294630BD94F0000F83F4801306BFDA
:1004700081F480110134013D4EE77FEA645C18BFCE
:100480007FEA655C29D094EA050F08BF90EA020F65
:1004900005D054EA000C04BF1946104630BD91EA5D
:1004A000030F1EBF0021002030BD5FEA545C05D160
:1004B0004000494128BF41F0004130BD14F580049F
:1004C0003CBF01F5801130BD01F0004545F0FE4113
:1004D00041F470014FF0000030BD7FEA645C1ABF48
:1004E000194610467FEA655C1CBF0B46024650EA7F
:1004F000013406BF52EA033591EA030F41F40021AB
:1005000030BD00BF90F0000F04BF0021704730B530
:100510004FF4806404F132044FF000054FF0000105
:1005200050E700BF90F0000F04BF0021704730B5C6
:100530004FF4806404F1320410F0004548BF40429B
:100540004FF000013EE700BF42004FEAE2014FEAF0
:1005500031014FEA02701FBF12F07F4393F07F4FCB
:1005600081F06051704732F07F4208BF704793F0CE
:100570007F4F04BF41F40021704730B54FF46074E1
:1005800001F0004521F000411CE700BF50EA0102E4
:1005900008BF704730B54FF000050AE050EA01028D
:1005A00008BF704730B511F0004502D5404261EBFD
:1005B00041014FF4806404F132045FEA915C3FF43E
:1005C000D8AE4FF003025FEADC0C18BF03325FEADB
:1005D000DC0C18BF033202EBDC02C2F1200300FA8C
:1005E00003FC20FA02F001FA03FE40EA0E0021FAB1
:1005F00002F11444BDE600BF70B54FF0FF0C4CF49F
:10060000E06C1CEA11541DBF1CEA135594EA0C0F50
:1006100095EA0C0F00F0DEF82C4481EA030621EA8B
:100620004C5123EA4C5350EA013518BF52EA0335C6
:1006300041F4801143F4801338D0A0FB02CE4FF078
:100640000005E1FB02E506F00042E0FB03E54FF0A8
:100650000006E1FB03569CF0000F18BF4EF0010EA0
:10066000A4F1FF04B6F5007F64F5407404D25FEA9C
:100670004E0E6D4146EB060642EAC62141EA55514F
:100680004FEAC52040EA5E504FEACE2EB4F1FD0C91
:1006900088BFBCF5E06F1ED8BEF1004F08BF5FEA0F
:1006A000500E50F1000041EB045170BD06F00046C1
:1006B00046EA010140EA020081EA0301B4EB5C046E
:1006C000C2BFD4EB0C0541EA045170BD41F4801166
:1006D0004FF0000E013C00F3AB8014F1360FDEBF8B
:1006E000002001F0004170BDC4F10004203C35DA67
:1006F0000C341BDC04F11404C4F1200500FA05F3EA
:1007000020FA04F001FA05F240EA020001F000428A
:1007100021F0004110EBD37021FA04F642EB060100
:100720005EEA430E08BF20EAD37070BDC4F10C042A
:10073000C4F1200500FA04F320FA05F001FA04F2EE
:1007400040EA020001F0004110EBD37041F10001DA
:100750005EEA430E08BF20EAD37070BDC4F12005E5
:1007600000FA05F24EEA020E20FA04F301FA05F24D
:1007700043EA020321FA04F001F0004121FA04F2F5
:1007800020EA020000EBD3705EEA430E08BF20EAC5
:10079000D37070BD94F0000F0FD101F000464000FF
:1007A00041EB010111F4801F08BF013CF7D041EA81
:1007B000060195F0000F18BF704703F00046520085
:1007C00043EB030313F4801F08BF013DF7D043EA56
:1007D0000603704794EA0C0F0CEA135518BF95EA0C
:1007E0000C0F0CD050EA410618BF52EA4306D1D193
:1007F00081EA030101F000414FF0000070BD50EAB2
:10080000410606BF1046194652EA430619D094EA3B
:100810000C0F02D150EA013613D195EA0C0F05D125
:1008200052EA03361CBF104619460AD181EA030179
:1008300001F0004141F0FE4141F470014FF0000031
:1008400070BD41F0FE4141F4780170BD70B54FF0CC
:10085000FF0C4CF4E06C1CEA11541DBF1CEA13554C
:1008600094EA0C0F95EA0C0F00F0A7F8A4EB05042E
:1008700081EA030E52EA03354FEA013100F0888025
:100880004FEA03334FF0805545EA131343EA1263EE
:100890004FEA022245EA111545EA10654FEA0026A3
:1008A0000EF000419D4208BF964244F1FD0404F55C
:1008B000407402D25B084FEA3202B61A65EB0305B8
:1008C0005B084FEA32024FF480104FF4002CB6EB75
:1008D000020E75EB030E22BFB61A754640EA0C00F5
:1008E0005B084FEA3202B6EB020E75EB030E22BF35
:1008F000B61A754640EA5C005B084FEA3202B6EB76
:10090000020E75EB030E22BFB61A754640EA9C0034
:100910005B084FEA3202B6EB020E75EB030E22BF04
:10092000B61A754640EADC0055EA060E18D04FEAC2
:10093000051545EA16754FEA06164FEAC30343EA62
:1009400052734FEAC2025FEA1C1CC0D111F4801F2F
:100950000BD141EA00014FF000004FF0004CB6E728
:1009600011F4801F04BF01430020B4F1FD0C88BFC7
:10097000BCF5E06F3FF6AFAEB5EB030C04BFB6EBD2
:10098000020C5FEA500C50F1000041EB045170BDC5
:100990000EF0004E4EEA113114EB5C04C2BFD4EBF2
:1009A0000C0541EA045170BD41F480114FF0000E76
:1009B000013C90E645EA060E8DE60CEA135594EAF2
:1009C0000C0F08BF95EA0C0F3FF43BAF94EA0C0FF5
:1009D0000AD150EA01347FF434AF95EA0C0F7FF46A
:1009E00025AF104619462CE795EA0C0F06D152EABE
:1009F00003353FF4FDAE1046194622E750EA4106A2
:100A000018BF52EA43067FF4C5AE50EA41047FF4B2
:100A10000DAF52EA43057FF4EBAE12E74FF0FF3C17
:100A200006E000BF4FF0010C02E000BF4FF0010CE8
:100A30004DF804CD4FEA410C7FEA6C5C4FEA430C61
:100A400018BF7FEA6C5C1BD001B050EA410C0CBFB0
:100A500052EA430C91EA030F02BF90EA020F002012
:100A6000704710F1000F91EA030F58BF994208BF79
:100A700090422CBFD8176FEAE37040F00100704736
:100A80004FEA410C7FEA6C5C02D150EA013C07D18D
:100A90004FEA430C7FEA6C5CD6D152EA033CD3D0D8
:100AA0005DF8040B704700BF8446104662468C46D2
:100AB0001946634600E000BF01B5FFF7B7FF002805
:100AC00048BF10F1000F01BD4DF808EDFFF7F4FF2E
:100AD0000CBF012000205DF808FB00BF4DF808EDB9
:100AE000FFF7EAFF34BF012000205DF808FB00BFDC
:100AF0004DF808EDFFF7E0FF94BF012000205DF8FE
:100B000008FB00BF4DF808EDFFF7CEFF94BF0120B2
:100B100000205DF808FB00BF4DF808EDFFF7C4FFAB
:100B200034BF012000205DF808FB00BF4FEA410CF4
:100B30007FEA6C5C02D150EA013C0AD14FEA430CD7
:100B40007FEA6C5C02D152EA033C02D14FF0000014
:100B500070474FF0010070474FEA410212F5001252
:100B600015D211D56FF47873B3EB625212D94FEAF4
:100B7000C12343F0004343EA505311F0004F23FADE
:100B800002F018BF404270474FF00000704750EA33
:100B9000013005D111F0004008BF6FF000407047F0
:100BA0004FF00000704700BF4A0011D212F500124A
:100BB00011D20DD56FF47873B3EB62520ED44FEAB5
:100BC000C12343F0004343EA505323FA02F0704735
:100BD0004FF00000704750EA013002D14FF0FF3073
:100BE00070474FF0000070474FEA4102B2F1E04316
:100BF00024BFB3F5001CDCF1FE5C0DD901F0004C04
:100C00004FEAC0024CEA5070B2F1004F40EB830053
:100C100008BF20F00100704711F0804F21D113F17F
:100C20003872BCBF01F00040704741F480114FEAB8
:100C30005252C2F11802C2F1200C10FA0CF320FA41
:100C400002F018BF40F001004FEAC1234FEAD3235E
:100C500003FA0CFC40EA0C0023FA02F34FEA4303C8
:100C6000CCE77FEA625307D150EA01331EBF4FF051
:100C7000FE4040F44000704701F0004040F0FE406C
:100C800040F40000704700BF53B94AB9002908BFBB
:100C900000281CBF4FF0FF314FF0FF3000F0AAB921
:100CA000ADF1080C6DE904CE00F03CF8DDF804E08D
:100CB000DDE9022304B0704738B500220023044662
:100CC0000D46FFF70BFF28B920462946BDE83840FE
:100CD00000F00AB8204605F1004100F005F8404256
:100CE00061EB410138BD00BFD0B50C4B0022064678
:100CF0000F46FFF781FCFFF757FF0446FFF702FCA2
:100D0000074B0022FFF778FC02460B463046394677
:100D1000FFF7BAFAFFF748FF2146D0BD0000F03DCB
:100D20000000F0412DE9F047089D04468E46002B57
:100D30004DD18A42944669D9B2FA82F252B101FA8F
:100D400002F3C2F1200120FA01F10CFA02FC41EA9F
:100D5000030E94404FEA1C48210CBEFBF8F61FFA24
:100D60008CF708FB16E341EA034306FB07F19942BF
:100D70000AD91CEB030306F1FF3080F01F81994272
:100D800040F21C81023E63445B1AA4B2B3FBF8F04C
:100D900008FB103344EA034400FB07F7A7420AD9D3
:100DA0001CEB040400F1FF3380F00A81A74240F2FB
:100DB00007816444023840EA0640E41B00261DB166
:100DC000D4400023C5E900433146BDE8F0878B429B
:100DD00009D9002D00F0EF800026C5E9000130465A
:100DE0003146BDE8F087B3FA83F6002E4AD18B4234
:100DF00002D3824200F2F980841A61EB03030120DE
:100E00009E46002DE0D0C5E9004EDDE702B9FFDEC9
:100E1000B2FA82F2002A40F09280A1EB0C014FEA74
:100E20001C471FFA8CFE0126200CB1FBF7F307FBD1
:100E3000131140EA01410EFB03F0884208D91CEB74
:100E4000010103F1FF3802D2884200F2CB80434611
:100E5000091AA4B2B1FBF7F007FB101144EA0144F0
:100E60000EFB00FEA64508D91CEB040400F1FF317F
:100E700002D2A64500F2BB800846A4EB0E0440EA6D
:100E800003409CE7C6F12007B34022FA07FC4CEA76
:100E9000030C20FA07F401FA06F31C43F9404FEA69
:100EA0001C4900FA06F3B1FBF9F8200C1FFA8CFE7E
:100EB00009FB181140EA014108FB0EF0884202FAD2
:100EC00006F20BD91CEB010108F1FF3A80F0888093
:100ED000884240F28580A8F102086144091AA4B250
:100EE000B1FBF9F009FB101144EA014100FB0EFED1
:100EF0008E4508D91CEB010100F1FF346CD28E4500
:100F00006AD90238614440EA0840A0FB0294A1EB90
:100F10000E01A142C846A64656D353D05DB1B3EBED
:100F2000080261EB0E0101FA07F722FA06F3F1401D
:100F30001F43C5E9007100263146BDE8F087C2F1C4
:100F40002003D8400CFA02FC21FA03F3914001433C
:100F50004FEA1C471FFA8CFEB3FBF7F007FB103675
:100F60000B0C43EA064300FB0EF69E4204FA02F421
:100F700008D91CEB030300F1FF382FD29E422DD974
:100F8000023863449B1B89B2B3FBF7F607FB1633A9
:100F900041EA034106FB0EF38B4208D91CEB010129
:100FA00006F1FF3816D28B4214D9023E6144C91AA9
:100FB00046EA004638E72E46284605E70646E3E6B9
:100FC0001846F8E64B45A9D2B9EB020864EB0C0EC3
:100FD0000138A3E74646EAE7204694E74046D1E7D2
:100FE000D0467BE7023B614432E7304609E7644480
:100FF000023842E7704700BF80B584B000AF3B467F
:1010000000221A605A609A60DA60214B214A1A6005
:101010001F4B4FF480325A601D4B00229A601C4BCC
:1010200000221A611A4B00221A76194B002283F80B
:101030002020174B0022DA62154B174A9A62144B94
:101040000022DA60124B0122DA61114B002283F890
:1010500030200F4B01225A610D4803F07FFA0346FE
:10106000002B01D001F026FB05233B6001237B60B0
:101070000023BB603B461946054803F0B3FA03461C
:10108000002B01D001F016FB00BF1037BD4680BD1C
:1010900008030020002001400100000F80B58AB045
:1010A00000AF786007F1140300221A605A609A605A
:1010B000DA601A617B681B68174A934227D10023C4
:1010C0003B61164B5B6C154A43F480735364134BBE
:1010D0005B6C03F480733B613B690023FB600F4B47
:1010E0001B6B0E4A43F0010313630C4B1B6B03F0A5
:1010F0000103FB60FB6820237B610323BB610023AA
:10110000FB6107F114031946054804F055F900BFC7
:101110002837BD4680BD00BF002001400038024096
:101120000000024080B500AF1F4B204A1A60204BE0
:1011300000221A701E4B80225A701D4BE1229A70B9
:101140001B4B0022DA701A4B00221A71184B002236
:101150005A71154B164A5A60134B4FF400029A60AD
:10116000114B144ADA60104B134A1A610E4B40F2CD
:10117000F4525A610C4803F0F7FD0346002B01D0EE
:1011800001F098FA382200210C4808F073FD0B4B4F
:1011900021221A60094B4FF440025A61074B00228A
:1011A0001A6100BF80BD00BFC8040020008002405B
:1011B00078050020F0030020500300209004002058
:1011C00080B58EB000AF786007F1240300221A606A
:1011D0005A609A60DA601A617B681B68464A9342DB
:1011E00040F0858000233B62444B1B6B434A43F035
:1011F00000731363414B1B6B03F000733B623B6A4C
:101200000023FB613D4B1B6B3C4A43F0806313633F
:101210003A4B1B6B03F08063FB61FB690023BB61EE
:10122000364B1B6B354A43F000631363334B1B6B28
:1012300003F00063BB61BB6900237B612F4B1B6B19
:101240002E4A43F0040313632C4B1B6B03F004037F
:101250007B617B6900233B61284B1B6B274A43F072
:1012600001031363254B1B6B03F001033B613B69D7
:101270000023FB60214B1B6B204A43F002031363E6
:101280001E4B1B6B03F00203FB60FB6832237B6287
:101290000223BB620023FB6203233B630B237B63BC
:1012A00007F124031946164804F086F886237B626A
:1012B0000223BB620023FB6203233B630B237B639C
:1012C00007F1240319460F4804F076F84FF46053F1
:1012D0007B620223BB620023FB6203233B630B237D
:1012E0007B6307F124031946074804F065F800BF43
:1012F0003837BD4680BD00BF008002400038024044
:1013000000080240000002400004024080B58CB09A
:1013100000AF07F11C0300221A605A609A60DA607D
:101320001A610023BB61634B1B6B624A43F01003DD
:101330001363604B1B6B03F01003BB61BB6900239D
:101340007B615C4B1B6B5B4A43F080031363594B1F
:101350001B6B03F080037B617B6900233B61554B72
:101360001B6B544A43F004031363524B1B6B03F093
:1013700004033B613B690023FB604E4B1B6B4D4AF2
:1013800043F0010313634B4B1B6B03F00103FB6042
:10139000FB680023BB60474B1B6B464A43F00203CC
:1013A0001363444B1B6B03F00203BB60BB68002359
:1013B0007B60404B1B6B3F4A43F0080313633D4B7C
:1013C0001B6B03F008037B607B6800224FF69B7168
:1013D000394804F08DF900224FF40161374804F0D8
:1013E00087F900224CF20301354804F081F900220C
:1013F00043F61B71334804F07BF94FF69B73FB6196
:1014000001233B6200237B620023BB6207F11C03C4
:101410001946294803F0D0FF1023FB6101233B62EA
:1014200002237B620023BB6207F11C031946234899
:1014300003F0C2FF4CF20303FB6101233B62002374
:101440007B620023BB6207F11C0319461C4803F0B2
:10145000B3FF43F61B73FB6101233B6200237B62F6
:101460000023BB6207F11C031946164803F0A4FFD2
:101470004FF44043FB614FF488133B6200237B62CF
:1014800007F11C0319460F4803F096FF4FF4006361
:10149000FB6101233B6200237B620023BB6207F1F7
:1014A0001C031946054803F087FF00BF3037BD46CF
:1014B00080BD00BF00380240001002400000024022
:1014C00000040240000C024080B500AF124B134AEA
:1014D0001A60114B124A5A600F4B00229A600E4B51
:1014E0000022DA600C4B4FF480421A610A4B002252
:1014F0005A61094B00229A61074B0022DA61064BC0
:1015000000221A62044804F00DF90346002B01D0B2
:1015100001F0D0F800BF80BD8005002000540040DD
:10152000A086010080B500AF124B134A1A60114B20
:10153000124A5A600F4B00229A600E4B0022DA606A
:101540000C4B4FF480421A610A4B00225A61094B3E
:1015500000229A61074B0022DA61064B00221A62D0
:10156000044804F0DFF80346002B01D001F0A2F894
:1015700000BF80BDD4050020005C0040A0860100B3
:1015800080B58CB000AF786007F11C0300221A60B0
:101590005A609A60DA601A617B681B68424A93421B
:1015A0002CD10023BB61414B1B6B404A43F002032B
:1015B00013633E4B1B6B03F00203BB61BB69C0238B
:1015C000FB6112233B6200237B620323BB62042383
:1015D000FB6207F11C031946354803F0EDFE0023BA
:1015E0007B61324B1B6C314A43F4001313642F4B65
:1015F0001B6C03F400137B617B6950E07B681B6804
:101600002C4A93424BD100233B61284B1B6B274A4A
:1016100043F004031363254B1B6B03F004033B618E
:101620003B690023FB60214B1B6B204A43F0010305
:1016300013631E4B1B6B03F00103FB60FB684FF44D
:101640000073FB6112233B6200237B620323BB62B6
:101650000423FB6207F11C031946174803F0ACFE94
:101660004FF48073FB6112233B6200237B620323F0
:10167000BB620423FB6207F11C0319460F4803F009
:101680009BFE0023BB60094B1B6C084A43F400031C
:101690001364064B1B6C03F40003BB60BB6800BF04
:1016A0003037BD4680BD00BF0054004000380240C6
:1016B00000040240005C00400008024000000240BC
:1016C00080B588B004AF78600023FB810121786881
:1016D00000F06AFC7B6818680A23009301233C220F
:1016E0003C2104F063F9354B10221A707B681868AE
:1016F0000A23029301230193304B0093012300221C
:101700003C2104F051FA7B6818680A2300930123F6
:101710003C223C2104F04AF9284BE0221A707B68F5
:1017200018680A23029301230193244B0093012399
:1017300001223C2104F038FA7B6818680A230093E0
:1017400001233C223C2104F031F97B6818680A230C
:1017500002930123019301230093012302223C21E0
:1017600004F022FA0A2002F0D5FE7B680022A3F8DA
:10177000A2200023BB600FE0786800F025F87B68AA
:10178000B3F9A0309AB2FB891344FB810A2002F01E
:10179000C1FEBB680133BB60BB68632BECDDFB891A
:1017A000074AA2FB03235B099BB21AB27B68A3F82A
:1017B000A22000BF1037BD4680BD00BF2806002014
:1017C0001F85EB5100000000B0B58AB004AF78600F
:1017D0000121786800F0E8FB7B6818680A23009311
:1017E00001233D223C2104F0E1F87B6818680A23BC
:1017F00002930623019307F10C03009301230322B4
:101800003C2104F0CBFA3B7B1B021AB27B7B1BB260
:1018100013431BB207EE903AF8EEE77A7B68C3ED0C
:10182000257A3B7C1B021AB27B7C1BB213431BB292
:1018300007EE903AF8EEE77A7B68C3ED267ABB7B39
:101840001B021AB2FB7B1BB213431BB207EE903A8A
:10185000F8EEE77A7B68C3ED277A7B68D3F894309B
:101860001846FEF771FE04460D467B68D3F89830A3
:101870001846FEF769FE02460B4643EC112B45EC79
:10188000104B0CF061FE51EC100B38A3D3E9002390
:10189000FEF7FCFC02460B4610461946FFF7A4F97A
:1018A00003467B61D7ED057A9FED2F7A67EE877A45
:1018B00017EE900AFEF748FE29A3D3E90023FEF7AE
:1018C000C5FF02460B4610461946FFF745F9034689
:1018D0001AB27B68A3F8A0207B68B3F9A030002B74
:1018E0000ADA7B68B3F9A0309BB203F5B4739BB2FC
:1018F0001AB27B68A3F8A0207B68B3F9A030B3F5D7
:10190000B47F0ADD7B68B3F9A0309BB2A3F5B47352
:101910009BB21AB27B68A3F8A0207B68B3F9A03011
:101920009AB27B68B3F9A2309BB2D31A9BB21AB2B7
:101930007B68A3F8A0207B68B3F9A030002B0ADAFB
:101940007B68B3F9A0309BB203F5B4739BB21AB2B3
:101950007B68A3F8A02000BF1837BD46B0BD00BF0C
:10196000182D4454FB21094000003443CB10C7BA62
:10197000B88DB63F80B592B004AF78604FF00003E9
:101980007B634FF000033B634FF00003FB624FF0BB
:101990000003BB624FF000037B624FF000033B6229
:1019A0004FF00003FB614FF00003BB614FF00003F9
:1019B0007B610021786800F0F7FA7B6818680A23D9
:1019C00002930123019307F10B0300930123752276
:1019D000D02104F0E3F9FB7A682B3FD1BE4B002203
:1019E0001A707B6818680A23029301230193BA4B8B
:1019F000009301236B22D02104F0D6F8B64B0722C6
:101A00001A707B6818680A23029301230193B24B72
:101A1000009301231922D02104F0C6F8AE4B002216
:101A20001A707B6818680A23029301230193AA4B5A
:101A3000009301231C22D02104F0B6F8A64B00220B
:101A40001A707B6818680A23029301230193A24B42
:101A5000009301231B22D02104F0A6F87B6800220A
:101A60009A807B680022DA807B6800221A817B687A
:101A700000225A817B6800229A817B680022DA81E9
:101A800000233B6156E0786800F07CFA7B68B3F98C
:101A9000863007EE903AF8EEE77A97ED0A7A77EE1D
:101AA000277AC7ED0A7A7B68B3F9883007EE903A57
:101AB000F8EEE77A97ED097A77EE277AC7ED097A9B
:101AC0007B68B3F98A3007EE903AF8EEE77A97ED43
:101AD000087A77EE277AC7ED087A7B68B3F97A300F
:101AE00007EE903AF8EEE77A97ED077A77EE277AE5
:101AF000C7ED077A7B68B3F97C3007EE903AF8EED1
:101B0000E77A97ED067A77EE277AC7ED067A7B6853
:101B1000B3F97E3007EE903AF8EEE77A97ED057A62
:101B200077EE277AC7ED057A052002F0F3FC3B69D2
:101B300001333B613B69B3F5FA7FA4DB97ED077A8C
:101B4000DFED666AC7EE267AFDEEE77A17EE903A89
:101B50001AB27B685A8197ED067ADFED606AC7EEAC
:101B6000267AFDEEE77A17EE903A1AB27B689A81F0
:101B700097ED057ADFED596AC7EE267AFDEEE77A32
:101B800017EE903A1AB27B68DA8197ED0A7ADFEDA8
:101B9000536AC7EE267AFDEEE77A17EE903A1AB24C
:101BA0007B689A8097ED097ADFED4C6AC7EE267A5A
:101BB000FDEEE77A17EE903A1AB27B68DA8097ED7D
:101BC000087ADFED466AC7EE267AFDEEE77A17EE71
:101BD000903A1AB27B681A817B684FF000021A6152
:101BE0007B684FF000025A617B684FF000029A61F7
:101BF0000023FB6034E0786800F0C4F99FED380AF8
:101C0000786800F011FA7B68B3F9743007EE903A07
:101C1000F8EEE77A97ED0D7A77EE277AC7ED0D7A31
:101C20007B68B3F9763007EE903AF8EEE77A97EDF5
:101C30000C7A77EE277AC7ED0C7A7B68B3F97830A7
:101C400007EE903AF8EEE77A97ED0B7A77EE277A7F
:101C5000C7ED0B7A0A2002F05DFCFB680133FB60E4
:101C6000FB68B3F5FA7FC6DB97ED0D7ADFED1B6AF3
:101C7000C7EE267A7B68C3ED047A97ED0C7ADFED28
:101C8000176AC7EE267A7B68C3ED057A97ED0B7A63
:101C9000DFED126AC7EE267A7B68C3ED067A114B38
:101CA0004FF000021A60104B4FF000021A600F4B09
:101CB0004FF000021A600E4B4FF000021A600D4BFD
:101CC0004FF000021A600C4B4FF000021A6000BF88
:101CD0003837BD4680BD00BF280600200000FA430B
:101CE0000AD7233C40060020440600204806002076
:101CF00034060020380600203C06002080B586B05F
:101D000004AF78600021786800F04EF97B681868AD
:101D10000A230293062301933E4B009301233B22A7
:101D2000D02104F03BF83B4B1B781B021AB2394B15
:101D30005B781BB213431AB27B68A3F87A20354B49
:101D40009B781B021AB2334BDB781BB213431AB2D7
:101D50007B68A3F87C202F4B1B791B021AB22D4BFA
:101D60005B791BB213431AB27B68A3F87E207B68B1
:101D7000B3F97A30002B00DA0F331B111AB27B68EB
:101D8000A3F87A207B68B3F97C30002B00DA0F339C
:101D90001B111AB27B68A3F87C207B68B3F97E30F4
:101DA0001D4A82FB03121A44D210DB17D31A1AB24F
:101DB0007B68A3F87E207B68B3F97A309AB27B689F
:101DC000B3F90A309BB2D31A9BB21AB27B68A3F85C
:101DD00080207B68B3F97C309AB27B68B3F90C3011
:101DE0009BB2D31A9BB21AB27B68A3F882207B689D
:101DF000B3F97E309AB27B68B3F90E309BB2D31A36
:101E00009BB21AB27B68A3F8842000BF0837BD4696
:101E100080BD00BF2C0600209324499200000000E2
:101E200080B586B004AF78600021786800F0BCF817
:101E30007B6818680A23029306230193504B009392
:101E400001234322D02103F0A9FF4D4B1B781B0235
:101E50001AB24B4B5B781BB213431AB27B68A3F8E0
:101E60008620474B9B781B021AB2454BDB781BB28E
:101E700013431AB27B68A3F88820414B1B791B02DD
:101E80001AB23F4B5B791BB213431AB27B68A3F8BB
:101E90008A207B68B3F986301846FEF743FB36A3E9
:101EA000D3E90023FEF7D2FC02460B461046194642
:101EB000FEF752FE03461AB27B68A3F886207B68C1
:101EC000B3F988301846FEF72DFB2BA3D3E9002386
:101ED000FEF7BCFC02460B4610461946FEF73CFED8
:101EE00003461AB27B68A3F888207B68B3F98A306E
:101EF0001846FEF717FB20A3D3E90023FEF7A6FC44
:101F000002460B4610461946FEF726FE03461AB255
:101F10007B68A3F88A207B68B3F986309AB27B6825
:101F2000B3F904309BB2D31A9BB21AB27B68A3F800
:101F30008C207B68B3F988309AB27B68B3F906309D
:101F40009BB2D31A9BB21AB27B68A3F88E207B682F
:101F5000B3F98A309AB27B68B3F908309BB2D31ACE
:101F60009BB21AB27B68A3F8902000BF0837BD4629
:101F700080BD00BFAFF30080F853E3A59BC4C03F12
:101F80002C06002080B582B000AF78600021786810
:101F900000F00AF87868FFF7B1FE7868FFF740FFB5
:101FA00000BF0837BD4680BD80B586B004AF7860FD
:101FB0000B46FB701A4B00221A707B6818680A23C4
:101FC000029301230193164B009301236A22D0212F
:101FD00003F0EAFDFB785B00DAB2114B1A707B6804
:101FE00018680A230293012301930D4B00930123E8
:101FF0003722D02103F0D8FD094B00221A707B68EC
:1020000018680A23029301230193054B00930123CF
:102010006B22D02103F0C8FD00BF0837BD4680BD4C
:10202000280600200000000080B58AB000AF78606C
:1020300087ED000A00217868FFF7B6FFDE4BD3ED8D
:10204000007A9FEDDE7A27EE877A7B68B3F97A30E3
:1020500007EE903AF8EEE77ADFEDD96A67EEA66A06
:102060009FEDD86AC6EE867A77EE277AD64BC3ED17
:10207000007AD64BD3ED007A9FEDD07A27EE877A9F
:102080007B68B3F97C3007EE903AF8EEE77ADFED43
:10209000CC6A67EEA66A9FEDCB6AC6EE867A77EECB
:1020A000277ACB4BC3ED007ACA4BD3ED007A9FED74
:1020B000C37A27EE877A7B68B3F97E3007EE903AD1
:1020C000F8EEE77ADFEDBE6A67EEA66A9FEDBD6ABD
:1020D000C6EE867A77EE277ABF4BC3ED007ABA4B0D
:1020E00093ED007AB84BD3ED007A27EE277AB84B00
:1020F000D3ED006AB64BD3ED007A66EEA77A37EEE1
:10210000277AB54BD3ED006AB34BD3ED007A66EE78
:10211000A77A77EE277AB0EE670A0CF019FA87ED06
:10212000090AA94BD3ED006A97ED097AC6EE877AC2
:10213000A54BC3ED007AA64BD3ED006A97ED097A63
:10214000C6EE877AA24BC3ED007AA34BD3ED006AAB
:1021500097ED097AC6EE877A9F4BC3ED007A9C4BC8
:10216000D3ED007A9C4B93ED007AF0EE470AB0EE87
:10217000670A0CF0EBF910EE103A1846FEF7E4F996
:102180008BA3D3E90023FEF737FA02460B4610462D
:102190001946FEF729FD03463B628B4BD3ED007ACF
:1021A0008D4B93ED007AF0EE470AB0EE670A0CF023
:1021B000CDF910EE103A1846FEF7C6F97CA3D3E924
:1021C0000023FEF719FA02460B4610461946FEF7A1
:1021D0000BFD0346FB617E4BD3ED007A7A4B93ED0A
:1021E000007AF0EE470AB0EE670A0CF0AFF910EE95
:1021F000103A1846FEF7A8F96DA3D3E90023FEF7BD
:10220000FBF902460B4610461946FEF7EDFC034665
:10221000BB61724BD3ED007A9FED687A27EE877A27
:102220007B68B3F9863007EE903AF8EEE77ADFED97
:10223000646A67EEA66A9FED636AC6EE867A77EEF9
:10224000277AC7ED057A664BD3ED007A9FED5B7A6E
:1022500027EE877A7B68B3F9883007EE903AF8EE7C
:10226000E77ADFED576A67EEA66A9FED566AC6EE1B
:10227000867A77EE277AC7ED047A5A4BD3ED007A47
:102280009FED4E7A27EE877A7B68B3F98A3007EEA6
:10229000903AF8EEE77ADFED4A6A67EEA66A9FEDBC
:1022A000496AC6EE867A77EE277AC7ED037A7B68AD
:1022B00093ED077AD7ED056AD7ED007A66EEA77A37
:1022C00077EE277A7B68C3ED077A7B6893ED087A0F
:1022D000D7ED046AD7ED007A66EEA77A77EE677AD3
:1022E0007B68C3ED087A7B6893ED097AD7ED036AC2
:1022F000D7ED007A66EEA77A77EE277A7B68C3ED92
:10230000097A7B68D3ED077A9FED2C7A27EE877ADE
:10231000D7ED087ADFED2A6A67EEA67A77EE277A9C
:102320007B68C3ED077A7B68D3ED087A9FED237A4B
:1023300027EE877AD7ED077ADFED216A67EEA67A76
:1023400077EE677A7B68C3ED087A7B68D3ED097A0C
:102350009FED1A7A27EE877AD7ED067ADFED186AB5
:1023600067EEA67A77EE277A7B68C3ED097A7B68F9
:1023700093ED077A7B68D3ED047A77EE677AFDEE0A
:10238000E77A17EE903A1AB27B68A3F874207B685C
:1023900093ED087A7B68D3ED057A77EE677AFDEEE8
:1023A000E77A17EE903A1AB21EE000BFAFF3008052
:1023B000F8C1631ADCA54C40400600206666663F03
:1023C000D0CCCC3D00007A444C06002044060020CE
:1023D0005006002048060020540600203406002045
:1023E000380600203C0600207B68A3F876207B6836
:1023F00093ED097A7B68D3ED067A77EE677AFDEE86
:10240000E77A17EE903A1AB27B68A3F878200C4B63
:102410001B680C4A13600C4B1B680C4A13600C4B76
:102420001B680C4A13600C4A7B6913600B4A3B69BA
:1024300013600B4AFB68136000BF2837BD4680BDA0
:102440004C060020400600205006002044060020D4
:1024500054060020480600203406002038060020DC
:102460003C06002080B582B000AF7860391D4FF681
:10247000FF730122034806F09AFB7B681846083771
:10248000BD4680BD700D002080B500AF01F0D0FFCB
:1024900000F076F8FEF73AFFFEF7AEFDFEF742FEDB
:1024A000FFF712F8FFF73EF800F0ECFF01F020F81C
:1024B00001F094FA01F0E6FA01F038FB01F000FCBB
:1024C00001F0AAFC01F0A8FE01F0D0FE01F036FAFE
:1024D00001F0A8FB00211F4805F05EF804211D480B
:1024E00005F05AF83C211C4805F013FA3C211B4822
:1024F00005F00FFA1A4804F036FF194804F082FF7D
:10250000184803F00FF90121174800F0A5FA174801
:1025100000F0D5F81648FFF72DFA1548FFF7D0F868
:102520001449154800F0EAFA104B0022A3F8642081
:102530000E4B0022A3F86620104B1B78012BFBD119
:10254000094B0A4A0A490C4800F062FB0B4B002277
:102550001A70F1E7E00C0020080C0020C00B0020EE
:10256000980C0020D40500205C060020000000200C
:1025700068000020B40D0020B0060020580600209E
:1025800080B594B000AF07F1200330220021184637
:1025900007F070FB07F10C0300221A605A609A6082
:1025A000DA601A610023BB60284B1B6C274A43F09A
:1025B00080531364254B1B6C03F08053BB60BB68D6
:1025C00000237B60224B1B68214A43F48043136045
:1025D0001F4B1B6803F480437B607B6801233B62D5
:1025E0004FF480337B620223BB634FF48003FB63B1
:1025F00019233B644FF4A8737B640223BB64042358
:10260000FB6407F12003184604F0CCF90346002BC5
:1026100001D000F04FF80F23FB6002233B61002341
:102620007B614FF4A053BB614FF48053FB6107F112
:102630000C030521184604F02DFC0346002B01D0A5
:1026400000F038F800BF5037BD4680BD003802406A
:102650000070004080B582B000AF7860084B1B6806
:102660007A689A4208D1064800F072FA01224FF4C3
:102670008061044803F03CF800BF0837BD4680BDC8
:10268000B0060020000C024080B483B000AF786038
:102690007B68064A934202D1054B01221A7000BFA3
:1026A0000C37BD465DF8047B704700BF980C0020D6
:1026B0005806002080B400AF72B600BFFEE780B4B9
:1026C00083B000AF78607B681B681B6800225A6289
:1026D0007B681B691B6800225A627B6800229A8112
:1026E0007B6800229A837B680022DA817B68002263
:1026F000DA8300BF0C37BD465DF8047B70470000ED
:102700002DE9B04388B000AF78604FF000037B61E3
:102710004FF000033B617B681B681B685B6A9AB2E1
:102720007B689A817B681B691B685B6A9AB27B68CD
:102730009A837B681B681B681B6803F01003102BCF
:102740000CBF01230023DBB2FB737B681B691B6892
:102750001B6803F01003102B0CBF01230023DBB216
:10276000BB73FB7B002B23D17B689B891A467B685C
:10277000DB89D31A002B0ADB7B689A897B68DB89AB
:10278000D31A9BB21AB27B68A3F860200DE07B6875
:102790009A887B68DB89D31A9AB27B689B89134439
:1027A0009BB21AB27B68A3F860200123FB6123E08F
:1027B0007B68DB891A467B689B89D31A002B0ADB6E
:1027C0007B68DA897B689B89D31A9BB21AB27B68D3
:1027D000A3F860200DE07B689A887B689B89D31AF8
:1027E0009AB27B68DB8913449BB21AB27B68A3F868
:1027F00060204FF0FF33FB61BB7B002B24D17B6853
:102800009B8B1A467B68DB8BD31A002B0ADB7B6819
:102810009A8B7B68DB8BD31A9BB21AB27B68A3F8C6
:1028200062200DE07B689A8A7B68DB8BD31A9AB2B0
:102830007B689B8B13449BB21AB27B68A3F862201F
:102840004FF0FF33BB6122E07B68DB8B1A467B686D
:102850009B8BD31A002B0ADB7B68DA8B7B689B8B04
:10286000D31A9BB21AB27B68A3F862200DE07B6892
:102870009A8A7B689B8BD31A9AB27B68DB8B134452
:102880009BB21AB27B68A3F862200123BB617B680C
:10289000B3F96030082B03DC7B680022A3F86020CA
:1028A0007B68B3F96230082B03DC7B680022A3F855
:1028B00062207869FDF748FE04460D467B68B3F94F
:1028C00060301A46FB6902FB03F31846FDF72AFE47
:1028D000804689467B689B6D1846FDF735FE5CA3F4
:1028E000D3E90023FDF788FE02460B4640464946E1
:1028F000FDF782FE02460B46904699467B689B8810
:102900001846FDF70FFE02460B4640464946FDF7C6
:102910009DFF02460B4620462946FDF7B7FC0246BE
:102920000B4610461946FEF75FF903467B6138698E
:10293000FDF70AFE04460D467B68B3F962301A467D
:10294000BB6902FB03F31846FDF7ECFD80468946A0
:102950007B689B6D1846FDF7F7FD3DA3D3E9002387
:10296000FDF74AFE02460B4640464946FDF744FE47
:1029700002460B46904699467B689B8A1846FDF7AF
:10298000D1FD02460B4640464946FDF75FFF024631
:102990000B4620462946FDF779FC02460B461046B9
:1029A0001946FEF721F903463B61D7ED057AFDEEA6
:1029B000E77A17EE903A1AB27B68A3F86420D7ED55
:1029C000047AFDEEE77A17EE903A1AB27B68A3F824
:1029D00066207B68B3F960301A46FB6902FB03F39B
:1029E00007EE903AB8EEE77A7B68D3ED027A67EEAD
:1029F000277AFDEEE77A17EE903A1AB27B68A3F8D1
:102A000060207B68B3F962301A46BB6902FB03F3AE
:102A100007EE903AB8EEE77A7B68D3ED067A67EE78
:102A2000277AFDEEE77A17EE903A1AB27B68A3F8A0
:102A300062207B689A897B68DA817B689A8B7B68E5
:102A4000DA8300BF2037BD46BDE8B083AFF3008016
:102A5000182D4454FB21194080B483B000AF786036
:102A60000B46FB707B68FA7883F83E207B68002277
:102A70001A867B6800225A867B684FF000029A62B1
:102A80007B684FF00002DA627B684FF000021A6246
:102A90007B684FF000025A627B684FF000025A6375
:102AA0007B684FF000029A637B68002283F83C2029
:102AB0007B68002283F83D207B680C4A1A607B68A3
:102AC0004FF07E525A607B68094A9A607B68084AD8
:102AD000DA607B68074A1A617B68074A5A6100BF5F
:102AE0000C37BD465DF8047B704700BF9A99993F4B
:102AF000000040400AD7233CCDCC4C3D80B582B08D
:102B000000AF786039607B683A681A607B6805229C
:102B10001A717B68FF225A717B68002283F80423B4
:102B20007B680022DA717B6800221A72786800F0F4
:102B30003DFC7B6818687B6803F10E017B681B799C
:102B40009BB21A4606F0C5F800BF0837BD4680BDE7
:102B500080B584B000AF78607B68DB79002B47D10B
:102B60007B68DB7BFE2B3ED10023FB737B685A7CAA
:102B70007B681B7C1344DBB2DB43FB737B689B7C71
:102B8000FA7B9A4224D17B685B7C9BB21B029AB28F
:102B90007B681B7C9BB21343BB81BB8903339AB216
:102BA0007B685A81BB8908339AB27B689A817B68BB
:102BB00018687B681B7908337A681344991D7B6811
:102BC0005B891A4606F085F87B6801221A7206E0D6
:102BD0007B68022283F804237B6800221A727B68D8
:102BE0000122DA710FE07B68012283F804230AE0F6
:102BF0007B6818687B6803F10E017B681B799BB2C8
:102C00001A4606F066F800BF1037BD4680BD0000CA
:102C100080B590B000AFF860B9607A603B60FB6847
:102C2000DB79002B69D0FB681B7A002B62D0FB6834
:102C30009B89013BFA6813449B7B002B5AD0FB68AD
:102C400003F20D10FB681B790833FA681344991DD1
:102C5000FB685B891A4606F0FFFF002387F83F30C8
:102C6000002387F837300023BB630DE0FA68BB6BA5
:102C7000134403F20D131A7897F83F30134487F882
:102C80003F30BB6B0133BB63FB685B891A46BB6B90
:102C90009342EBDB97F83F30DB4387F83730FB6834
:102CA0005B891A46FB68134493F80D3197F8372077
:102CB0009A4218D1FB6801229A713B687A68B96818
:102CC000F86800F083F8FB680E33FF2200211846F5
:102CD00006F0D0FFFB6803F20D13F822002118461E
:102CE00006F0C8FF03E0FB68032283F80423FB68B7
:102CF00000221A72FB680022DA71FB6893F8043331
:102D0000012B1AD1F86800F051FB2D4A07F124037A
:102D100092E8030083E8030007F12C0307F1240283
:102D200092E8030083E80300FB68186807F12C01B0
:102D30000123082205F03BFF3EE0FB6893F80433D3
:102D4000022B1AD1F86800F031FB1E4A07F11C0370
:102D500092E8030083E8030007F12C0307F11C024B
:102D600092E8030083E80300FB68186807F12C0170
:102D70000123082205F01BFF1EE0FB6893F80433D3
:102D8000032B19D1F86800F011FB0F4A07F1140367
:102D900092E8030083E8030007F12C0307F1140213
:102DA00092E8030083E80300FB68186807F12C0130
:102DB0000123082205F0FBFE00BF4037BD4680BD61
:102DC00098ED0008A0ED0008A8ED000880B586B0D9
:102DD00000AFF860B9607A603B60FB6893F80D3132
:102DE000FB75FB7D002B03D1F86800F021F81BE098
:102DF000FB7D012B05D1BA687968F86800F02DF8E1
:102E000012E0FB7D022B04D13968F86800F048F924
:102E10000AE0FB7D032B04D13968F86800F0DCF987
:102E200002E0FB6800229A7100BF1837BD4680BDE2
:102E300080B582B000AF78607B6818687B6803F16A
:102E40000E017B689A890A2305F0B1FE7B68002297
:102E50009A7100BF0837BD4680BD80B586B000AF0F
:102E6000F860B9607A607868FFF78CF87868FEF7E8
:102E7000ABFCB868FFF744FCFB68FF2283F805222F
:102E8000FB68FE2283F80622FB681A2283F80722D9
:102E9000FB68002283F80822FB68E52283F80922F8
:102EA000FB68012283F80A22FB68002283F80B22C8
:102EB000BB68B3F962301B121BB2DAB2FB6883F84D
:102EC0000C22BB68B3F96230DAB2FB6883F80D22DA
:102ED000BB68B3F960301B121BB2DAB2FB6883F82F
:102EE0000E22BB68B3F96030DAB2FB6883F80F22B8
:102EF000BB68B3F966301B121BB2DAB2FB6883F809
:102F00001022BB68B3F96630DAB2FB6883F811228D
:102F1000BB68B3F964301B121BB2DAB2FB6883F8EA
:102F20001222BB68B3F96430DAB2FB6883F813226B
:102F30007B68B3F980301B121BB2DAB2FB6883F8EE
:102F400014227B68B3F98030DAB2FB6883F815226B
:102F50007B68B3F982301B121BB2DAB2FB6883F8CC
:102F600016227B68B3F98230DAB2FB6883F8172245
:102F70007B68B3F984301B121BB2DAB2FB6883F8AA
:102F800018227B68B3F98430DAB2FB6883F819221F
:102F90007B68B3F98C301B121BB2DAB2FB6883F882
:102FA0001A227B68B3F98C30DAB2FB6883F81B22F3
:102FB0007B68B3F98E301B121BB2DAB2FB6883F860
:102FC0001C227B68B3F98E30DAB2FB6883F81D22CD
:102FD0007B68B3F990301B121BB2DAB2FB6883F83E
:102FE0001E227B68B3F99030DAB2FB6883F81F22A7
:102FF0007B68B3F974301B121BB2DAB2FB6883F83A
:1030000020227B68B3F97430DAB2FB6883F821229E
:103010007B68B3F976301B121BB2DAB2FB6883F817
:1030200022227B68B3F97630DAB2FB6883F8232278
:103030007B68B3F9A0301B121BB2DAB2FB6883F8CD
:1030400024227B68B3F9A030DAB2FB6883F825222A
:103050000023FB7500233B610BE03B690533FA68F5
:10306000134493F80522FB7D1344FB753B69013340
:103070003B613B691B2BF0DDFB68FA7D83F8262260
:10308000FB681868FB6803F205210A23222205F079
:103090008EFDFB6800229A7100BF1837BD4680BDC7
:1030A00080B582B000AF786039607B6893F80E31EC
:1030B000002B3CD17B6893F80F311A467B6893F85C
:1030C00010311B02134307EE903AB8EEE77ADFEDBA
:1030D000416AC7EE267A3B68C3ED007A7B6893F8B5
:1030E00011311A467B6893F812311B02134307EE25
:1030F000903AB8EEE77ADFED376AC7EE267A3B689A
:10310000C3ED027A7B6893F813311A467B6893F813
:1031100014311B02134307EE903AB8EEE77ADFED65
:103120002D6AC7EE267A3B68C3ED047A40E07B68DF
:1031300093F80E31012B3BD17B6893F80F311A467F
:103140007B6893F810311B02134307EE903AB8EEF8
:10315000E77ADFED206AC7EE267A3B68C3ED017A95
:103160007B6893F811311A467B6893F812311B0281
:10317000134307EE903AB8EEE77ADFED166AC7EE32
:10318000267A3B68C3ED037A7B6893F813311A46BD
:103190007B6893F814311B02134307EE903AB8EEA4
:1031A000E77ADFED0C6AC7EE267A3B68C3ED057A55
:1031B0007B6818687B6803F10E017B689A890A2393
:1031C00005F0F5FC7B6800229A7100BF0837BD4608
:1031D00080BD00BF0000C84280B586B000AF7860F7
:1031E00039607B68FF2283F805227B68FE2283F822
:1031F00006227B68032283F807227B68002283F87B
:1032000008227B68FC2283F809227B68032283F86A
:103210000A227B6893F80E31002B4CD17B68002288
:1032200083F80B223B68D3ED007A9FED5F7A67EE5F
:10323000877AFCEEE77A17EE903AFB81FB89DAB2E7
:103240007B6883F80C22FB891B0A9BB2DAB27B688D
:1032500083F80D223B68D3ED027A9FED537A67EE37
:10326000877AFCEEE77A17EE903AFB81FB89DAB2B7
:103270007B6883F80E22FB891B0A9BB2DAB27B685B
:1032800083F80F223B68D3ED047A9FED477A67EE0F
:10329000877AFCEEE77A17EE903AFB81FB89DAB287
:1032A0007B6883F81022FB891B0A9BB2DAB27B6829
:1032B00083F8112250E07B6893F80E31012B4BD13B
:1032C0007B68012283F80B223B68D3ED017A9FEDE6
:1032D000367A67EE877AFCEEE77A17EE903AFB8152
:1032E000FB89DAB27B6883F80C22FB891B0A9BB24C
:1032F000DAB27B6883F80D223B68D3ED037A9FED49
:103300002A7A67EE877AFCEEE77A17EE903AFB812D
:10331000FB89DAB27B6883F80E22FB891B0A9BB219
:10332000DAB27B6883F80F223B68D3ED057A9FED14
:103330001E7A67EE877AFCEEE77A17EE903AFB8109
:10334000FB89DAB27B6883F81022FB891B0A9BB2E7
:10335000DAB27B6883F811220023FB7500233B61FE
:103360000BE03B6905337A68134493F80522FB7D33
:103370001344FB753B6901333B613B69072BF0DD6F
:103380007B68FA7D83F812227B6818687B6803F2F9
:1033900005210A230E2205F00AFC7B6800229A719F
:1033A00000BF1837BD4680BD0000C84280B588B058
:1033B00000AF78607B681B681B681B6803F0200304
:1033C000202B06D17B681B681B685B68DBB2FB7730
:1033D000FB7F7B681B681B681B6803F02003202BA6
:1033E000E8D00023BB617B681B681B681B68BB615E
:1033F0007B681B681B685B68BB61BB6900237B61E2
:103400007B681B681B681B687B617B681B681B688B
:103410005B687B617B6900233B617B681B681B6881
:103420001B683B617B681B681B685B683B613B6991
:103430000023FB607B681B681B681B68FB607B6864
:103440001B681B685B68FB60FB687B681B6820224D
:1034500083F83E207B681B6800221A647B6818682A
:103460007B6803F10E017B681B799BB21A4605F05D
:1034700030FC7B68002283F8042300BF2037BD4660
:1034800080BD000080B500AF174B184A1A60164B7C
:103490004FF482725A60144B00229A60124B002241
:1034A000DA60114B00221A610F4B00225A610E4B59
:1034B0004FF400729A610C4B0022DA610A4B002231
:1034C0001A62094B00225A62074B00229A62064B8D
:1034D0000A22DA62044803F0BDFE0346002B01D045
:1034E000FFF7E8F800BF80BDC40A002000380040A4
:1034F00080B500AF174B184A1A60164B4FF4827212
:103500005A60144B00229A60124B0022DA60114B71
:1035100000221A610F4B00225A610E4B4FF40072C9
:103520009A610C4B0022DA610A4B00221A62094BA5
:1035300000225A62074B00229A62064B0A22DA6284
:10354000044803F087FE0346002B01D0FFF7B2F8D2
:1035500000BF80BD1C0B0020003C004080B58CB03B
:1035600000AF786007F11C0300221A605A609A606D
:10357000DA601A617B681B68424A93424BD1002390
:10358000BB61414B1B6C404A43F4804313643E4B88
:103590001B6C03F48043BB61BB6900237B613A4B26
:1035A0001B6B394A43F004031363374B1B6B03F067
:1035B00004037B617B6900233B61334B1B6B324A05
:1035C00043F002031363304B1B6B03F002033B61B8
:1035D0003B690C23FB6102233B6200237B620323D4
:1035E000BB620523FB6207F11C031946274801F063
:1035F000E3FE4FF48063FB6102233B6200237B62A6
:103600000323BB620523FB6207F11C031946204814
:1036100001F0D2FE31E07B681B681E4A93422CD138
:103620000023FB60184B1B6C174A43F400431364E0
:10363000154B1B6C03F40043FB60FB680023BB606D
:10364000114B1B6B104A43F0040313630E4B1B6BAF
:1036500003F00403BB60BB684FF4E053FB6102233B
:103660003B6200237B620323BB620623FB6207F1FC
:103670001C031946054801F09FFE00BF3037BD46C8
:1036800080BD00BF00380040003802400008024002
:1036900000040240003C004080B483B000AF00232F
:1036A0007B60104B5B6C0F4A43F4804353640D4BBB
:1036B0005B6C03F480437B607B6800233B60094BB9
:1036C0001B6C084A43F080531364064B1B6C03F0D9
:1036D00080533B603B6800BF0C37BD465DF8047B00
:1036E000704700BF0038024080B400AFFEE780B4EE
:1036F00000AFFEE780B400AFFEE780B400AFFEE7A6
:1037000080B400AFFEE780B400AF00BFBD465DF8F7
:10371000047B704780B400AF00BFBD465DF8047BFA
:10372000704780B400AF00BFBD465DF8047B7047B2
:1037300080B500AF00F0CEFE00BF80BD80B500AF09
:10374000024804F074F900BF80BD00BF500C002097
:1037500080B500AF024805F0EDFA00BF80BD00BFA4
:10376000700D002080B500AF024805F0E3FA00BFFD
:1037700080BD00BFB40D002080B500AF024804F04A
:1037800056F900BF80BD00BF980C002080B400AF88
:1037900001231846BD465DF8047B704780B582B0B2
:1037A00000AF7860396006F02DFA034616221A60E1
:1037B0004FF0FF3318460837BD4680BD80B582B054
:1037C00000AF78604FF0FF317868FFF7E7FFFEE762
:1037D00080B586B000AFF860B9607A6000237B6185
:1037E0000AE0AFF300800146BB685A1CBA60CAB257
:1037F0001A707B6901337B617A697B689A42F0DBDE
:103800007B6818461837BD4680BD80B586B000AFCE
:10381000F860B9607A6000237B6109E0BB685A1CDC
:10382000BA601B781846FEF71DFE7B6901337B6189
:103830007A697B689A42F1DB7B6818461837BD4687
:1038400080BD80B483B000AF78604FF0FF3318467E
:103850000C37BD465DF8047B704780B483B000AF81
:10386000786039603B684FF400525A600023184674
:103870000C37BD465DF8047B704780B483B000AF61
:103880007860012318460C37BD465DF8047B70470D
:1038900080B485B000AFF860B9607A600023184644
:1038A0001437BD465DF8047B7047000080B586B0D4
:1038B00000AF7860144A154BD31A7B617B693B617A
:1038C000134B1B68002B02D1114B124A1A60104B8C
:1038D0001A687B6813443A699A4207D206F092F953
:1038E00003460C221A604FF0FF3309E0084B1B68B7
:1038F000FB60074B1A687B681344054A1360FB683A
:1039000018461837BD4680BD0000022000040000A4
:10391000740B0020100E002080B400AF064BD3F8CB
:103920008830054A43F47003C2F8883000BFBD46B2
:103930005DF8047B704700BF00ED00E080B586B005
:1039400000AF07F1080300221A605A609A60DA603B
:103950003B4600221A605A601E4B1F4A1A601D4BDC
:10396000A7225A601B4B00229A601A4B4FF6FF7237
:10397000DA60184B00221A61164B00225A61154B6F
:1039800000229A61134803F0EEFC0346002B01D09D
:10399000FEF790FE4FF48053BB6007F10803194611
:1039A0000C4804F0ABFA0346002B01D0FEF782FE70
:1039B00000233B6000237B603B461946054804F02A
:1039C000C7FF0346002B01D0FEF774FE00BF183777
:1039D000BD4680BD780B00200000014080B58CB052
:1039E00000AF07F10C0324220021184606F042F92B
:1039F0003B1D00221A605A60214B4FF080421A6032
:103A00001F4B00225A601E4B00229A601C4B4BF643
:103A10004072DA601A4B00221A61194B80229A61B7
:103A20000323FB6000233B6101237B610023BB6117
:103A30000A23FB6100233B6201237B620023BB62FC
:103A40000A23FB6207F10C0319460D4803F0BBFE85
:103A50000346002B01D0FEF72DFE00237B600023E0
:103A6000BB603B1D1946064804F072FF0346002B5D
:103A700001D0FEF71FFE00BF3037BD4680BD00BF3E
:103A8000C00B002080B58CB000AF07F10C032422DE
:103A90000021184606F0EEF83B1D00221A605A601D
:103AA000204B214A1A601F4B00225A601D4B0022F6
:103AB0009A601C4B4BF64072DA601A4B00221A6176
:103AC000184B80229A610323FB6000233B61012392
:103AD0007B610023BB610A23FB6100233B6201235E
:103AE0007B620023BB620A23FB6207F10C031946C9
:103AF0000C4803F068FE0346002B01D0FEF7DAFD08
:103B000000237B600023BB603B1D1946054804F081
:103B10001FFF0346002B01D0FEF7CCFD00BF30375E
:103B2000BD4680BD080C00200004004080B58AB06E
:103B300000AF07F1180300221A605A609A60DA6039
:103B400007F1100300221A605A603B4600221A60F7
:103B50005A609A60DA60314B314A1A602F4B00226A
:103B60005A602E4B00229A602C4B4FF6FF72DA609F
:103B70002A4B00221A61294B00229A61274803F040
:103B8000F2FB0346002B01D0FEF794FD4FF4805367
:103B9000BB6107F118031946204804F0AFF903464A
:103BA000002B01D0FEF786FD1C4803F0BDFD034647
:103BB000002B01D0FEF77EFD00233B6100237B61DB
:103BC00007F110031946154804F0C2FE0346002B06
:103BD00001D0FEF76FFD00233B6001237B600023D3
:103BE000BB600023FB603B46082219460B4804F0EB
:103BF00026F80346002B01D0FEF75CFD3B460C2265
:103C00001946064804F01BF80346002B01D0FEF7C6
:103C100051FD00BF2837BD4680BD00BF500C0020BD
:103C20000008004080B586B000AF07F1080300220D
:103C30001A605A609A60DA603B4600221A605A6045
:103C40001D4B1E4A1A601C4B42F210725A601A4BEE
:103C500000229A60184B5322DA60174B00221A6137
:103C6000154B00229A61144803F07DFB0346002B9C
:103C700001D0FEF71FFD4FF48053BB6007F108032E
:103C800019460D4804F03AF90346002B01D0FEF71F
:103C900011FD00233B6000237B603B46194606482C
:103CA00004F056FE0346002B01D0FEF703FD00BFD3
:103CB0001837BD4680BD00BF980C0020000C0040A6
:103CC00080B596B000AF07F1480300221A605A6031
:103CD0009A60DA6007F1400300221A605A6007F127
:103CE000240300221A605A609A60DA601A615A61ED
:103CF0009A613B1D20220021184605F0BBFF444B72
:103D0000444A1A60424B07225A60414B00229A6093
:103D10003F4B4FF47A72DA603D4B00221A613C4B04
:103D200000225A613A4B80229A61394803F01BFB0A
:103D30000346002B01D0FEF7BDFC4FF48053BB645B
:103D400007F148031946324804F0D8F80346002B1F
:103D500001D0FEF7AFFC2E4803F0C4FB0346002B56
:103D600001D0FEF7A7FC00233B6400237B6407F12E
:103D700040031946264804F0EBFD0346002B01D012
:103D8000FEF798FC60237B620023BB620023FB628A
:103D900000233B6300237B630023BB630023FB639F
:103DA00007F1240300221946194803F0E5FF0346F2
:103DB000002B01D0FEF77EFC07F1240304221946F4
:103DC000134803F0D9FF0346002B01D0FEF772FC25
:103DD00000237B600023BB600023FB6000233B616A
:103DE00000237B614FF40053BB6100233B623B1D0A
:103DF0001946074804F028FE0346002B01D0FEF7C1
:103E000059FC034800F0CEF900BF5837BD4680BDCD
:103E1000E00C00200004014080B584B000AF3B46B8
:103E200000221A605A609A60DA601E4B1E4A1A60BD
:103E30001C4B00225A601B4B00229A60194B4FF614
:103E4000FF72DA60174B00221A61164B00229A614A
:103E5000144803F069FC0346002B01D0FEF72AFC4E
:103E600000233B6001237B600023BB600023FB60D9
:103E70003B46002219460B4803F0E1FE0346002BA7
:103E800001D0FEF717FC3B4604221946054803F013
:103E9000D6FE0346002B01D0FEF70CFC00BF103706
:103EA000BD4680BD280D00200040014080B58CB08B
:103EB00000AF786007F11C0300221A605A609A6014
:103EC000DA601A617B681B683F4A93420ED1002377
:103ED000BB613E4B5B6C3D4A43F0010353643B4B7B
:103EE0005B6C03F00103BB61BB6969E07B681B6825
:103EF000374A934235D100237B61344B1B6C334AE4
:103F000043F004031364314B1B6C03F004037B6127
:103F10007B6900233B612D4B1B6B2C4A43F0020352
:103F200013632A4B1B6B03F002033B613B694FF4A5
:103F30004073FB6102233B6200237B620023BB6270
:103F40000223FB6207F11C031946224801F034FAF0
:103F5000002200211E2000F03EFE1E2000F057FE31
:103F60002EE07B681B681C4A934216D10023FB603D
:103F7000164B1B6C154A43F008031364134B1B6C60
:103F800003F00803FB60FB6800220021322000F0F0
:103F900022FE322000F03BFE12E07B681B680F4AD5
:103FA00093420DD10023BB60084B5B6C074A43F082
:103FB00002035364054B5B6C03F00203BB60BB68F8
:103FC00000BF3037BD4680BD0000014000380240D0
:103FD0000008004000040240000C004000040140C2
:103FE00080B58CB000AF786007F11C0300221A6026
:103FF0005A609A60DA601A617B681B68B3F1804F7F
:104000004BD10023BB613F4B1B6C3E4A43F0010385
:1040100013643C4B1B6C03F00103BB61BB690023C1
:104020007B61384B1B6B374A43F001031363354BFD
:104030001B6B03F001037B617B6900233B61314B08
:104040001B6B304A43F0020313632E4B1B6B03F0D0
:1040500002033B613B694FF40043FB6102233B6277
:1040600000237B620023BB620123FB6207F11C0378
:104070001946254801F0A0F90823FB6102233B62A1
:1040800000237B620023BB620123FB6207F11C0358
:1040900019461E4801F090F930E07B681B681C4A05
:1040A00093422BD10023FB60164B1B6C154A43F047
:1040B00002031364134B1B6C03F00203FB60FB68E9
:1040C0000023BB600F4B1B6B0E4A43F002031363CC
:1040D0000C4B1B6B03F00203BB60BB683023FB611E
:1040E00002233B6200237B620023BB620223FB624C
:1040F00007F11C031946054801F05EF900BF30378F
:10410000BD4680BD0038024000000240000402406D
:104110000004004080B58AB000AF786007F1140356
:1041200000221A605A609A60DA601A617B681B6824
:10413000194A93422BD100233B61184B5B6C174A01
:1041400043F480335364154B5B6C03F480333B6161
:104150003B690023FB60114B1B6B104A43F01003BB
:1041600013630E4B1B6B03F01003FB60FB686023B3
:104170007B610223BB610023FB6100233B620323BD
:104180007B6207F114031946054801F015F900BFD9
:104190002837BD4680BD00BF0040014000380240C6
:1041A0000010024080B588B000AF786007F10C03C2
:1041B00000221A605A609A60DA601A617B681B6894
:1041C000124A93421DD10023BB60114B1B6B104A56
:1041D00043F0040313630E4B1B6B03F00403BB603B
:1041E000BB68C023FB6002233B6100237B6100238B
:1041F000BB610323FB6107F10C031946054801F07D
:10420000DBF800BF2037BD4680BD00BF0004014081
:10421000003802400008024080B500AF114B124A3E
:104220001A60104B4FF4E1325A600E4B00229A6034
:104230000C4B0022DA600B4B00221A61094B0C2256
:104240005A61084B00229A61064B0022DA61054848
:1042500004F060FC0346002B01D0FEF72BFA00BFF0
:1042600080BD00BF700D00200010014080B500AF80
:10427000114B124A1A60104B4FF4E1325A600E4B48
:1042800000229A600C4B0022DA600B4B00221A616C
:10429000094B0C225A61084B00229A61064B0022FE
:1042A000DA61054804F036FC0346002B01D0FEF726
:1042B00001FA00BF80BD00BFB40D002000440040E3
:1042C00080B58CB000AF786007F11C0300221A6043
:1042D0005A609A60DA601A617B681B683A4A9342B6
:1042E00035D10023BB61394B5B6C384A43F0100376
:1042F0005364364B5B6C03F01003BB61BB69002356
:104300007B61324B1B6B314A43F0010313632F4B2C
:104310001B6B03F001037B617B694FF4C063FB619E
:1043200002233B6200237B620323BB620723FB6201
:1043300007F11C031946264801F03EF8002202212D
:10434000252000F048FC252000F061FC38E07B6867
:104350001B68204A934233D100233B611B4B1B6CEB
:104360001A4A43F400331364184B1B6C03F40033F4
:104370003B613B690023FB60144B1B6B134A43F00A
:1043800008031363114B1B6B03F00803FB60FB680E
:104390006023FB6102233B6200237B620323BB6239
:1043A0000723FB6207F11C0319460B4801F004F8D0
:1043B00000220121262000F00EFC262000F027FC20
:1043C00000BF3037BD4680BD0010014000380240BC
:1043D0000000024000440040000C0240DFF834D0EE
:1043E0000D480E490E4A002302E0D458C45004334D
:1043F000C4188C42F9D30B4A0B4C002301E0136024
:104400000432A242FBD3FFF787FA05F001FCFEF766
:104410003BF870470000022000000020EC02002062
:1044200028F30008EC0200200C0E0020FEE700003C
:1044300080B500AF0E4B1B680D4A43F40073136048
:104440000B4B1B680A4A43F480631360084B1B68DC
:10445000074A43F480731360032000F0B1FB0F2080
:1044600000F008F8FFF718F90023184680BD00BFD8
:10447000003C024080B582B000AF7860124B1A68F1
:10448000124B1B7819464FF47A73B3FBF1F3B2FB6E
:10449000F3F3184600F0C9FB0346002B01D00123BB
:1044A0000EE07B680F2B0AD8002279684FF0FF30AE
:1044B00000F091FB064A7B681360002300E00123B3
:1044C00018460837BD4680BD0C01002014010020AD
:1044D0001001002080B400AF064B1B781A46064B33
:1044E0001B681344044A136000BFBD465DF8047B9B
:1044F000704700BF14010020F80D002080B400AF09
:10450000034B1B681846BD465DF8047B704700BF2F
:10451000F80D002080B584B000AF7860FFF7EEFFA3
:10452000B8607B68FB60FB68B3F1FF3F05D00A4BC6
:104530001B781A46FB681344FB6000BFFFF7DEFFE1
:104540000246BB68D31AFA689A42F7D800BF00BF88
:104550001037BD4680BD00BF1401002080B584B077
:1045600000AF78600023FB737B68002B01D101232F
:1045700033E07B681B6C002B09D17868FCF78EFD5B
:104580007B6800225A647B68002283F83C207B68A9
:104590001B6C03F01003002B18D17B681B6C23F4F9
:1045A000885323F0020343F002027B681A647868A0
:1045B00000F03AF97B6800225A647B681B6C23F098
:1045C000030343F001027B681A6401E00123FB73DB
:1045D0007B68002283F83C20FB7B18461037BD46E1
:1045E00080BD000080B485B000AF786039600023E2
:1045F000BB607B6893F83C30012B01D1022305E1BD
:104600007B68012283F83C203B681B68092B25D975
:104610007B681B68D9683B681B689BB21A461346C7
:104620005B0013441E3B072202FA03F3DA437B6864
:104630001B680A40DA607B681B68D9683B689A6827
:104640003B681B689BB2184603465B0003441E3B55
:104650009A407B681B680A43DA6022E07B681B682B
:1046600019693B681B689BB21A4613465B001344EA
:10467000072202FA03F3DA437B681B680A401A61D7
:104680007B681B6819693B689A683B681B689BB22A
:10469000184603465B0003449A407B681B680A4344
:1046A0001A613B685B68062B24D87B681B68596BD2
:1046B0003B685A6813469B001344053B1F2202FACD
:1046C00003F3DA437B681B680A405A637B681B6804
:1046D000596B3B681B689BB218463B685A68134687
:1046E0009B001344053B00FA03F27B681B680A43F6
:1046F0005A634CE03B685B680C2B24D87B681B68D2
:10470000196B3B685A6813469B001344233B1F22D6
:1047100002FA03F3DA437B681B680A401A637B687A
:104720001B68196B3B681B689BB218463B685A684C
:1047300013469B001344233B00FA03F27B681B687B
:104740000A431A6323E07B681B68D96A3B685A688E
:1047500013469B001344413B1F2202FA03F3DA4342
:104760007B681B680A40DA627B681B68D96A3B6811
:104770001B689BB218463B685A6813469B0013445B
:10478000413B00FA03F27B681B680A43DA62224B62
:10479000FB607B681B68214A934209D13B681B6818
:1047A000122B05D1FB685B6843F48002FB685A60FA
:1047B0007B681B68194A934223D13B681B68102B06
:1047C00003D03B681B68112B1BD1FB685B6843F46B
:1047D0000002FB685A603B681B68102B11D1104B1C
:1047E0001B68104AA2FB03239A0C13469B00134438
:1047F0005B00BB6002E0BB68013BBB60BB68002B99
:10480000F9D17B68002283F83C2000231846143736
:10481000BD465DF8047B7047002301400020014045
:104820000C01002083DE1B4380B485B000AF7860AC
:10483000794BFB60FB685B6823F44032FB685A608D
:10484000FB685A687B685B681A43FB685A607B6840
:104850001B685A687B681B6822F480725A607B6808
:104860001B6859687B681B691A027B681B680A43CE
:104870005A607B681B685A687B681B6822F040722C
:104880005A607B681B6859687B689A687B681B68FC
:104890000A435A607B681B689A687B681B6822F42D
:1048A00000629A607B681B6899687B68DA687B683D
:1048B0001B680A439A607B689B6A584A934222D0DD
:1048C0007B681B689A687B681B6822F070629A603C
:1048D0007B681B6899687B689A6A7B681B680A43D7
:1048E0009A607B681B689A687B681B6822F040525C
:1048F0009A607B681B6899687B68DA6A7B681B68CA
:104900000A439A600FE07B681B689A687B681B68A3
:1049100022F070629A607B681B689A687B681B68EB
:1049200022F040529A607B681B689A687B681B681B
:1049300022F002029A607B681B6899687B681B7E84
:104940005A007B681B680A439A607B6893F82030A2
:10495000002B1BD07B681B685A687B681B6842F47D
:1049600000625A607B681B685A687B681B6822F487
:1049700060425A607B681B6859687B685B6A013BD0
:104980005A037B681B680A435A6007E07B681B6810
:104990005A687B681B6822F400625A607B681B6857
:1049A000DA6A7B681B6822F47002DA627B681B6833
:1049B000D96A7B68DB69013B1A057B681B680A437F
:1049C000DA627B681B689A687B681B6822F4007255
:1049D0009A607B681B6899687B6893F830305A024C
:1049E0007B681B680A439A607B681B689A687B68CF
:1049F0001B6822F480629A607B681B6899687B68F8
:104A00005B699A027B681B680A439A6000BF14378F
:104A1000BD465DF8047B7047002301400100000F94
:104A200080B485B000AF78607B6803F00703FB605B
:104A30000C4BDB68BB60BA684FF6FF031340BB60EA
:104A4000FB681A02BB68134343F0BF6343F40033AF
:104A5000BB60044ABB68D36000BF1437BD465DF835
:104A6000047B704700ED00E080B400AF044BDB68CE
:104A70001B0A03F007031846BD465DF8047B704728
:104A800000ED00E080B483B000AF0346FB7197F9FE
:104A90000730002B0BDBFB7903F01F02074997F966
:104AA00007305B09012000FA02F241F8232000BF21
:104AB0000C37BD465DF8047B704700BF00E100E0A5
:104AC00080B483B000AF03463960FB7197F90730BB
:104AD000002B0ADB3B68DAB20C4997F90730120168
:104AE000D2B20B4483F800230AE03B68DAB20849EB
:104AF000FB7903F00F03043B1201D2B20B441A7688
:104B000000BF0C37BD465DF8047B704700E100E054
:104B100000ED00E080B489B000AFF860B9607A6061
:104B2000FB6803F00703FB61FB69C3F10703042B78
:104B300028BF0423BB61FB690433062B02D9FB6940
:104B4000033B00E000237B614FF0FF32BB6902FAB8
:104B500003F3DA43BB681A407B699A404FF0FF3198
:104B60007B6901FA03F3D9437B680B401343184672
:104B70002437BD465DF8047B7047000080B582B0E5
:104B800000AF78607B68013BB3F1807F01D30123E4
:104B90000FE00A4A7B68013B53600F214FF0FF3062
:104BA000FFF78EFF054B00229A60044B07221A6024
:104BB000002318460837BD4680BD00BF10E000E066
:104BC00080B582B000AF78607868FFF729FF00BF3A
:104BD0000837BD4680BD80B586B000AF0346B960DA
:104BE0007A60FB7300237B61FFF73EFF78617A6890
:104BF000B9687869FFF78EFF024697F90F301146C2
:104C00001846FFF75DFF00BF1837BD4680BD80B571
:104C100082B000AF0346FB7197F907301846FFF7E3
:104C200031FF00BF0837BD4680BD80B582B000AF00
:104C300078607868FFF7A2FF034618460837BD463C
:104C400080BD80B584B000AF78607B689B6DFB60F1
:104C5000FFF754FCB8607B6893F83530DBB2022B69
:104C600008D07B6880225A657B68002283F8342054
:104C7000012352E07B681B681A687B681B6822F07E
:104C800016021A607B681B685A697B681B6822F0F1
:104C900080025A617B681B6C002B03D17B689B6C84
:104CA000002B07D07B681B681A687B681B6822F0A2
:104CB00008021A607B681B681A687B681B6822F010
:104CC00001021A6013E0FFF719FC0246BB68D31A11
:104CD000052B0CD97B6820225A657B68032283F858
:104CE00035207B68002283F83420032315E07B689D
:104CF0001B681B6803F00103002BE4D17B68DB6DAC
:104D00003F229A40FB689A607B68012283F8352035
:104D10007B68002283F83420002318461037BD46F4
:104D200080BD80B483B000AF78607B6893F8353085
:104D3000DBB2022B04D07B6880225A6501230CE091
:104D40007B68052283F835207B681B681A687B68BE
:104D50001B6822F001021A60002318460C37BD467A
:104D60005DF8047B7047000080B584B000AF7860C8
:104D70007B68002B01D101236CE07B68D3F8843081
:104D8000002B06D17B682322C3F884207868FCF7C7
:104D900017FA0023BB60314B5B6C304A43F480430D
:104DA00053642E4B5B6C03F48043BB60BB682C4B9D
:104DB0005B682B4A23F400035360294B5A687B68D5
:104DC0009B68274913434B60254B5B687B681B68D6
:104DD00003F580531B687A68126843F0010302F5FB
:104DE00080521360FFF78AFBF86011E0FFF786FB43
:104DF0000246FB68D31AB3F5FA7F09D97B6804220F
:104E0000C3F888207B68E022C3F88420012321E0D6
:104E10007B681B6803F580531B6803F00103002BBC
:104E2000E4D1786800F058F9786800F0FFF9786804
:104E300000F055FA7B685B681A460021786800F03C
:104E4000BDF97B680022C3F888207B681022C3F874
:104E50008420002318461037BD4680BD003802402C
:104E60000038014080B584B000AF786039607B685D
:104E70001B681B68FB60FA68514B1340FB603B6882
:104E80001B7C002B02D14FF4000200E000223B68A3
:104E90005B7C002B02D14FF4800300E000231A4317
:104EA0003B689B681A433B68DB7F1B041A433B68E3
:104EB0005B6913433A68927F002A02D14FF4005293
:104EC00000E000221A433B681B7F1B031A433B6828
:104ED0009B691A433B681B799B0213433A6892F81B
:104EE0002020002A02D14FF4007200E000221A4371
:104EF0003B68DB7BDB011A433B685B6A1A433B6818
:104F000093F828301B011343FA681343FB607B6856
:104F10001B68FA681A607B681B681B68FB600120CD
:104F2000FFF7F8FA7B681B68FA681A607B681B68F1
:104F30009B69FB60FA684FF641731340FB603B6866
:104F40009B6C1B043A6892F84C20002A01D1802205
:104F500000E000221A433B681B6D13433A6892F845
:104F60005520012A01D1082200E0002213433A68AB
:104F700092F85620012A01D1042200E000221343B6
:104F80003A6892F85420012A01D1022200E000225E
:104F90001343FA681343FB607B681B68FA689A61E5
:104FA0007B681B689B69FB600120FFF7B3FA7B6895
:104FB0001B68FA689A6100BF1037BD4680BD00BF0C
:104FC0000F8120FF80B584B000AF786039607B68C6
:104FD0001B6803F580539B69FB60FA683D4B1340E7
:104FE000FB603B681B7B002B02D14FF0806200E02E
:104FF00000223B685B7B5B0613433A68527F002AC2
:1050000002D14FF4801200E000221A433B689B7BE0
:105010005B051A433B685B691A433B681B7FDB01F6
:105020001A433B689B7F9B011A433B681B6A1A43E8
:105030003B6893F824309B001343FA681343FB60EA
:105040007B681B6803F580531A46FB6893617B6895
:105050001B6803F580539B69FB600120FFF75AFA38
:105060007B681B6803F580531A46FB6893613B68B5
:105070001B795A063B689B681A433B689B691A4335
:105080003B681B691A433B6893F82530DB011A43E0
:105090003B689B6A9B001A433B681B6813437A6812
:1050A000126843F4000302F5805213607B681B68AA
:1050B00003F580531B68FB600120FFF72BFA7B6828
:1050C0001B6803F580531A46FB68136000BF103756
:1050D000BD4680BD233FDEF880B5A6B000AF786046
:1050E000012387F84430012387F845300023FB6310
:1050F000002387F85330012387F85230002387F8C4
:105100005030012387F83830002387F854300023CB
:1051100087F843300023BB65002387F85C30002309
:10512000FB67002387F880300023C7F88430002312
:1051300087F88A30002387F888304FF48043BB64B7
:105140004FF40063FB64002387F8893007F13403D0
:1051500019467868FFF786FE01233B7501237B75AE
:10516000012387F825300123BB750023FB61002351
:1051700087F82430002387F826300023BB62012300
:1051800087F82C3001233B734FF480333B614FF49D
:1051900080033B624FF40053BB61012387F82D303D
:1051A00000233B630023BB6007F1080319467868BE
:1051B000FFF708FF00BF9837BD4680BD80B487B0B9
:1051C00000AFF860B9607A607B6805331B781B021A
:1051D0007A680432127813437B61BA68114B134426
:1051E0001A467B6913607B6803331B781A067B6859
:1051F00002331B781B041A437B6801331B781B02A4
:1052000013437A68127813437B61BA68064B1344E0
:105210001A467B69136000BF1C37BD465DF8047BEE
:10522000704700BF408002404480024080B485B097
:1052300000AF78600023FB603EE07B68D968FA68C5
:1052400013469B001344DB000B44BB60BB68002289
:105250001A60BB6800225A60BB6800229A60BB6873
:105260000022DA60B9687B68FA68063243F82210D7
:10527000BB681B6843F48012BB681A60FB68022B92
:105280000CD87B68D968FB685A1C13469B001344F2
:10529000DB000B441A46BB68DA6004E07B68DB681D
:1052A0001A46BB68DA60BB681B6843F44002BB68FF
:1052B0001A60FB680133FB60FB68032BBDD97B6878
:1052C00000229A627B68DA687B681B6803F580536A
:1052D0001A6100BF1437BD465DF8047B704780B487
:1052E00085B000AF78600023FB6046E07B681969F9
:1052F000FA6813469B001344DB000B44BB60BB6899
:1053000000221A60BB6800225A60BB6800229A60C3
:10531000BB680022DA60BB6800221A62BB68002208
:105320005A62BB684FF000421A60BB6844F2F85200
:105330005A60BB685B6823F00042BB685A60B9687A
:105340007B68FA68123243F82210FB68022B0CD8F3
:105350007B681969FB685A1C13469B001344DB00E9
:105360000B441A46BB68DA6004E07B681B691A4686
:10537000BB68DA60FB680133FB60FB68032BB5D9BF
:105380007B680022DA657B6800221A667B6800224F
:105390009A667B680022DA667B6800229A657B68E1
:1053A0001A697B681B6803F58053DA6000BF143705
:1053B000BD465DF8047B704780B489B000AF78606B
:1053C000396000237B6100233B610023BB61002324
:1053D000FB616BE10122FB6902FA03F37B613B682D
:1053E0001B687A6913403B613A697B699A4240F0D5
:1053F0005A813B685B6803F00303012B05D03B68CF
:105400005B6803F00303022B30D17B689B68BB61B0
:10541000FB695B00032202FA03F3DB43BA69134022
:10542000BB613B68DA68FB695B0002FA03F3BA69A7
:105430001343BB617B68BA699A607B685B68BB6138
:105440000122FB6902FA03F3DB43BA691340BB6133
:105450003B685B681B0903F00102FB6902FA03F376
:10546000BA691343BB617B68BA695A603B685B6881
:1054700003F00303032B17D07B68DB68BB61FB6978
:105480005B00032202FA03F3DB43BA691340BB61FA
:105490003B689A68FB695B0002FA03F3BA6913433D
:1054A000BB617B68BA69DA603B685B6803F0030341
:1054B000022B23D1FB69DA087B68083253F82230CB
:1054C000BB61FB6903F007039B000F2202FA03F3A1
:1054D000DB43BA691340BB613B681A69FB6903F09F
:1054E00007039B0002FA03F3BA691343BB61FB692C
:1054F000DA087B680832B96943F822107B681B68B8
:10550000BB61FB695B00032202FA03F3DB43BA6968
:105510001340BB613B685B6803F00302FB695B00FF
:1055200002FA03F3BA691343BB617B68BA691A6074
:105530003B685B6803F44033002B00F0B480002329
:10554000FB60604B5B6C5F4A43F4804353645D4B8C
:105550005B6C03F48043FB60FB685B4AFB699B0860
:10556000023352F82330BB61FB6903F003039B0055
:105570000F2202FA03F3DB43BA691340BB617B6875
:10558000524A93422BD07B68514A934225D07B6884
:10559000504A93421FD07B684F4A934219D07B6890
:1055A0004E4A934213D07B684D4A93420DD07B689C
:1055B0004C4A934207D07B684B4A934201D1072360
:1055C0000EE008230CE006230AE0052308E004238C
:1055D00006E0032304E0022302E0012300E00023AD
:1055E000FA6902F0030292009340BA691343BB6167
:1055F0003549FB699B080233BA6941F823203B4BCC
:105600009B68BB613B69DB43BA691340BB613B6884
:105610005B6803F48013002B03D0BA693B69134322
:10562000BB61324ABB699360304BDB68BB613B694D
:10563000DB43BA691340BB613B685B6803F400134A
:10564000002B03D0BA693B691343BB61274ABB698E
:10565000D360264B5B68BB613B69DB43BA6913408F
:10566000BB613B685B6803F40033002B03D0BA696D
:105670003B691343BB611D4ABB6953601B4B1B68ED
:10568000BB613B69DB43BA691340BB613B685B6844
:1056900003F48033002B03D0BA693B691343BB6129
:1056A000124ABB691360FB690133FB61FB690F2B75
:1056B0007FF690AE00BF00BF2437BD465DF8047B87
:1056C000704700BF0038024000380140000002402F
:1056D0000004024000080240000C0240001002409A
:1056E0000014024000180240001C0240003C01402F
:1056F00080B483B000AF78600B467B8013467B702C
:105700007B78002B03D07A887B689A6103E07B88E2
:105710001A047B689A6100BF0C37BD465DF8047BB4
:105720007047000080B584B000AF78607B68002BC4
:1057300001D101232BE17B6893F83D30DBB2002BD4
:1057400006D17B68002283F83C207868FBF718FFBD
:105750007B68242283F83D207B681B681A687B687D
:105760001B6822F001021A607B681B681A687B685C
:105770001B6842F400421A607B681B681A687B68E9
:105780001B6822F400421A6001F03CFDF8607B685F
:105790005B68814A934207D8FB68804A934294BF72
:1057A00001230023DBB206E0FB687D4A934294BFED
:1057B00001230023DBB2002B01D00123E7E0FB68CB
:1057C000784AA2FB03239B0CBB607B681B685B6869
:1057D00023F03F017B681B68BA680A435A607B6804
:1057E0001B681B6A23F03F017B685B686A4A93422F
:1057F00002D8BB68013309E0BB684FF4967202FB24
:1058000003F3694AA2FB03239B0901337A681268F8
:105810000B4313627B681B68DB6923F44F4222F061
:10582000FF027B685B685C498B4219D8FB68591E94
:105830007B685B685B00B1FBF3F3591C40F6FC73BB
:105840000B40002B0AD0FB68591E7B685B685B002D
:10585000B1FBF3F30133C3F30B0351E004234FE037
:105860007B689B68002B11D1FB68581E7B685968C8
:105870000B465B000B44B0FBF3F30133C3F30B03A4
:10588000002B0CBF01230023DBB212E0FB68581E83
:105890007B6859680B469B000B4499000B44B0FB96
:1058A000F3F30133C3F30B03002B0CBF01230023DD
:1058B000DBB2002B01D0012322E07B689B68002B28
:1058C0000ED1FB68581E7B6859680B465B000B4481
:1058D000B0FBF3F30133C3F30B0343F400430FE0D6
:1058E000FB68581E7B6859680B469B000B44990067
:1058F0000B44B0FBF3F30133C3F30B0343F4404316
:10590000796809681343CB617B681B681B6823F0C7
:10591000C0017B68DA697B681B6A1A437B681B6875
:105920000A431A607B681B689B6823F4034323F0D7
:10593000FF037A6811697A68D26811437A6812683D
:105940000B4393607B681B68DB6823F0FF017B6877
:105950005A697B689B691A437B681B680A43DA6053
:105960007B681B681A687B681B6842F001021A603A
:105970007B6800221A647B68202283F83D207B68C4
:1059800000221A637B68002283F83E200023184619
:105990001037BD4680BD00BFA08601007F841E0079
:1059A000FF083D0083DE1B43D34D621080B588B0F5
:1059B00002AFF8607A601A460B467B8113463B8142
:1059C000FEF79CFD7861FB6893F83D30DBB2202B3D
:1059D00040F0E0807B690093192301227049F86848
:1059E00000F002FE0346002B01D00223D3E0FB6847
:1059F00093F83C30012B01D10223CCE0FB6801225B
:105A000083F83C20FB681B681B6803F00103012B33
:105A100007D0FB681B681A68FB681B6842F001022C
:105A20001A60FB681B681A68FB681B6822F4006236
:105A30001A60FB68212283F83D20FB68102283F85E
:105A40003E20FB6800221A64FB687A685A62FB6891
:105A50003A895A85FB685B8D9AB2FB681A85FB68A8
:105A6000504ADA6279897B693A6AF86800F0BCFBCF
:105A70000346002B01D001238DE000233B61FB682E
:105A80001B685B693B61FB681B689B693B613B6909
:105A900066E07A69396AF86800F07CFE0346002BFC
:105AA0000DD0FB681B6C042B07D1FB681B681A68C0
:105AB000FB681B6842F400721A6001236BE0FB680C
:105AC0005B6A1A78FB681B681A61FB685B6A5A1C80
:105AD000FB685A62FB685B8D9BB2013B9AB2FB6824
:105AE0005A85FB681B8D013B9AB2FB681A85FB68DF
:105AF0001B685B6903F00403042B1BD1FB681B8D3F
:105B0000002B17D0FB685B6A1A78FB681B681A6168
:105B1000FB685B6A5A1CFB685A62FB685B8D9BB230
:105B2000013B9AB2FB685A85FB681B8D013B9AB218
:105B3000FB681A857A69396AF86800F06CFE0346DA
:105B4000002B0DD0FB681B6C042B07D1FB681B6876
:105B50001A68FB681B6842F400721A6001231AE09D
:105B6000FB681B8D002B94D1FB681B681A68FB68CF
:105B70001B6842F400721A60FB68202283F83D2003
:105B8000FB68002283F83E20FB68002283F83C205B
:105B9000002300E0022318461837BD4680BD00BF31
:105BA000020010000000FFFF80B588B002AFF8606F
:105BB000084611461A4603467B810B463B81134635
:105BC000FB80FEF79BFC7861FB6893F83D30DBB20D
:105BD000202B40F0D9807B690093192301226D4965
:105BE000F86800F001FD0346002B01D00223CCE051
:105BF000FB6893F83C30012B01D10223C5E0FB6820
:105C0000012283F83C20FB681B681B6803F001033A
:105C1000012B07D0FB681B681A68FB681B6842F001
:105C200001021A60FB681B681A68FB681B6822F493
:105C300000621A60FB68212283F83D20FB68402245
:105C400083F83E20FB6800221A64FB683A6A5A62B5
:105C5000FB68BA8C5A85FB685B8D9AB2FB681A8523
:105C6000FB684D4ADA62F8883A8979897B69019341
:105C7000BB6A00930346F86800F038FB0346002B2C
:105C800052D0012381E07A69B96AF86800F082FD98
:105C90000346002B0DD0FB681B6C042B07D1FB685F
:105CA0001B681A68FB681B6842F400721A600123C3
:105CB0006BE0FB685B6A1A78FB681B681A61FB681B
:105CC0005B6A5A1CFB685A62FB681B8D013B9AB2E7
:105CD000FB681A85FB685B8D9BB2013B9AB2FB683F
:105CE0005A85FB681B685B6903F00403042B1BD116
:105CF000FB681B8D002B17D0FB685B6A1A78FB686A
:105D00001B681A61FB685B6A5A1CFB685A62FB6875
:105D10001B8D013B9AB2FB681A85FB685B8D9BB2B9
:105D2000013B9AB2FB685A85FB681B8D002BAAD1F8
:105D30007A69B96AF86800F06EFD0346002B0DD051
:105D4000FB681B6C042B07D1FB681B681A68FB6897
:105D50001B6842F400721A60012316E0FB681B689E
:105D60001A68FB681B6842F400721A60FB68202204
:105D700083F83D20FB68002283F83E20FB68002268
:105D800083F83C20002300E0022318461837BD4664
:105D900080BD00BF020010000000FFFF80B58CB086
:105DA00002AFF860084611461A4603467B810B464F
:105DB0003B811346FB80FEF7A1FB7862FB6893F8FA
:105DC0003D30DBB2202B40F008827B6A0093192320
:105DD00001227B49F86800F007FC0346002B01D044
:105DE0000223FBE1FB6893F83C30012B01D1022335
:105DF000F4E1FB68012283F83C20FB681B681B6808
:105E000003F00103012B07D0FB681B681A68FB68CD
:105E10001B6842F001021A60FB681B681A68FB6885
:105E20001B6822F400621A60FB68222283F83D207E
:105E3000FB68402283F83E20FB6800221A64FB685E
:105E40003A6B5A62FB68BA8E5A85FB685B8D9AB2D0
:105E5000FB681A85FB685B4ADA62F8883A897989B7
:105E60007B6A0193BB6B00930346F86800F0D4FA99
:105E70000346002B01D00123B0E1FB681B8D002BF2
:105E800013D100233B62FB681B685B693B62FB68C4
:105E90001B689B693B623B6AFB681B681A68FB686E
:105EA0001B6842F400721A6084E1FB681B8D012BB1
:105EB0001BD1FB681B681A68FB681B6822F48062B0
:105EC0001A600023FB61FB681B685B69FB61FB6870
:105ED0001B689B69FB61FB69FB681B681A68FB68B0
:105EE0001B6842F400721A6064E1FB681B8D022B90
:105EF0001BD1FB681B681A68FB681B6822F4806270
:105F00001A60FB681B681A68FB681B6842F4006231
:105F10001A600023BB61FB681B685B69BB61FB689F
:105F20001B689B69BB61BB6944E100237B61FB6823
:105F30001B685B697B61FB681B689B697B617B6994
:105F400038E1FB681B8D032B00F2F180FB681B8D91
:105F5000012B23D17A6AB96BF86800F09DFC0346E7
:105F6000002B01D0012339E1FB681B681A69FB682B
:105F70005B6AD2B21A70FB685B6A5A1CFB685A6291
:105F8000FB681B8D013B9AB2FB681A85FB685B8D31
:105F90009BB2013B9AB2FB685A850BE1FB681B8DF3
:105FA000022B4ED17B6A0093BB6B00220649F86836
:105FB00000F01AFB0346002B08D001230EE100BFBE
:105FC000020010000000FFFF04000100FB681B68D6
:105FD0001A68FB681B6842F400721A60FB681B6851
:105FE0001A69FB685B6AD2B21A70FB685B6A5A1C5A
:105FF000FB685A62FB681B8D013B9AB2FB681A85ED
:10600000FB685B8D9BB2013B9AB2FB685A85FB68CB
:106010001B681A69FB685B6AD2B21A70FB685B6A1C
:106020005A1CFB685A62FB681B8D013B9AB2FB68E5
:106030001A85FB685B8D9BB2013B9AB2FB685A855F
:10604000B8E07B6A0093BB6B00226649F86800F0F9
:10605000CBFA0346002B01D00123BFE0FB681B688D
:106060001A68FB681B6822F480621A60FB681B6870
:106070001A69FB685B6AD2B21A70FB685B6A5A1CC9
:10608000FB685A62FB681B8D013B9AB2FB681A855C
:10609000FB685B8D9BB2013B9AB2FB685A857B6AB9
:1060A0000093BB6B00224F49F86800F09DFA03464D
:1060B000002B01D0012391E0FB681B681A68FB6884
:1060C0001B6842F400721A60FB681B681A69FB685F
:1060D0005B6AD2B21A70FB685B6A5A1CFB685A6230
:1060E000FB681B8D013B9AB2FB681A85FB685B8DD0
:1060F0009BB2013B9AB2FB685A85FB681B681A6920
:10610000FB685B6AD2B21A70FB685B6A5A1CFB6858
:106110005A62FB681B8D013B9AB2FB681A85FB68CB
:106120005B8D9BB2013B9AB2FB685A8542E07A6A6A
:10613000B96BF86800F0B0FB0346002B01D00123D7
:106140004CE0FB681B681A69FB685B6AD2B21A7084
:10615000FB685B6A5A1CFB685A62FB681B8D013B3B
:106160009AB2FB681A85FB685B8D9BB2013B9AB2C1
:10617000FB685A85FB681B685B6903F00403042B0A
:1061800018D1FB681B681A69FB685B6AD2B21A7087
:10619000FB685B6A5A1CFB685A62FB681B8D013BFB
:1061A0009AB2FB681A85FB685B8D9BB2013B9AB281
:1061B000FB685A85FB681B8D002B7FF4C2AEFB6821
:1061C000202283F83D20FB68002283F83E20FB68F4
:1061D000002283F83C20002300E0022318462837E1
:1061E000BD4680BD0400010080B588B002AFF860F4
:1061F0007A603B600B467B81FB68DB6A7B617B6975
:10620000082B06D07B69012B03D07B6913F5803FF7
:1062100008D1FB681B681A68FB681B6842F480722F
:106220001A600BE0FB681B6B122B07D1FB681B6825
:106230001A68FB681B6842F480721A603B6800931E
:106240007B6800224FF00111F86800F0CDF9034699
:10625000002B0DD0FB681B681B6803F48073B3F53B
:10626000807F03D1FB684FF400721A64032335E08A
:10627000FB681B69B3F5804F08D17B89DBB21A46F6
:10628000FB681B6802F0FE021A611BE07B89DB11D0
:10629000DBB203F00603DBB263F00F03DAB2FB6894
:1062A0001B681A613B687A680E49F86800F0F3F9D8
:1062B0000346002B01D0012310E07B89DAB2FB6892
:1062C0001B681A613B687A680749F86800F0E3F9CF
:1062D0000346002B01D0012300E0002318461837A5
:1062E000BD4680BD080001000200010080B588B0F5
:1062F00002AFF860084611461A4603467B810B46FA
:106300003B811346FB80FB681B681A68FB681B68AF
:1063100042F480721A607B6A00933B6A00224FF05D
:106320000111F86800F060F90346002B0DD0FB68FE
:106330001B681B6803F48073B3F5807F03D1FB688F
:106340004FF400721A6403235FE07B89DBB21A46C4
:10635000FB681B6802F0FE021A617B6A3A6A2D49EB
:10636000F86800F098F90346002B01D001234CE0B7
:1063700000237B61FB681B685B697B61FB681B68B2
:106380009B697B617B697A6A396AF86800F002FA76
:106390000346002B0DD0FB681B6C042B07D1FB6858
:1063A0001B681A68FB681B6842F400721A600123BC
:1063B0002BE0FB88012B05D13B89DAB2FB681B6817
:1063C0001A6121E03B891B0A9BB2DAB2FB681B68A9
:1063D0001A617A6A396AF86800F0DCF90346002B22
:1063E0000DD0FB681B6C042B07D1FB681B681A6877
:1063F000FB681B6842F400721A60012305E03B89C8
:10640000DAB2FB681B681A61002318461837BD46CC
:1064100080BD00BF0200010080B588B002AFF86007
:10642000084611461A4603467B810B463B811346BC
:10643000FB80FB681B681A68FB681B6842F480627B
:106440001A60FB681B681A68FB681B6842F480725C
:106450001A607B6A00933B6A00224FF00111F868D2
:1064600000F0C2F80346002B0DD0FB681B681B68C8
:1064700003F48073B3F5807F03D1FB684FF400729F
:106480001A640323AAE07B89DBB21A46FB681B6807
:1064900002F0FE021A617B6A3A6A5249F86800F01B
:1064A000FAF80346002B01D0012397E000237B611B
:1064B000FB681B685B697B61FB681B689B697B6190
:1064C0007B697A6A396AF86800F064F90346002B40
:1064D0000DD0FB681B6C042B07D1FB681B681A6886
:1064E000FB681B6842F400721A60012376E0FB88A7
:1064F000012B05D13B89DAB2FB681B681A6121E0E8
:106500003B891B0A9BB2DAB2FB681B681A617A6A84
:10651000396AF86800F03EF90346002B0DD0FB689D
:106520001B6C042B07D1FB681B681A68FB681B688F
:1065300042F400721A60012350E03B89DAB2FB6832
:106540001B681A617A6A396AF86800F023F9034611
:10655000002B0DD0FB681B6C042B07D1FB681B685C
:106560001A68FB681B6842F400721A60012335E068
:10657000FB681B681A68FB681B6842F480721A602B
:106580007B6A00933B6A00224FF00111F86800F02B
:106590002BF80346002B0DD0FB681B681B6803F427
:1065A0008073B3F5807F03D1FB684FF400721A64E7
:1065B000032313E07B89DBB243F00103DAB2FB680B
:1065C0001B681A617B6A3A6A0649F86800F063F84A
:1065D0000346002B01D0012300E0002318461837A2
:1065E000BD4680BD0200010080B584B000AFF860F8
:1065F000B9603B601346FB7125E03B68B3F1FF3F98
:1066000021D0FDF77BFF0246BB69D31A3A689A4254
:1066100002D33B68002B16D1FB6800221A63FB688B
:10662000202283F83D20FB68002283F83E20FB688F
:106630001B6C43F02002FB681A64FB68002283F89D
:106640003C20012323E0BB681B0CDBB2012B0DD1E6
:10665000FB681B685B69DA43BB6813409BB2002B85
:106660000CBF01230023DBB21A460CE0FB681B6859
:106670009B69DA43BB6813409BB2002B0CBF01231C
:106680000023DBB21A46FB799A42B6D000231846A3
:106690001037BD4680BD80B584B000AFF860B960EA
:1066A0007A603B6051E0FB681B685B6903F48063C0
:1066B000B3F5806F23D1FB681B681A68FB681B6801
:1066C00042F400721A60FB681B686FF480625A61C2
:1066D000FB6800221A63FB68202283F83D20FB68D8
:1066E000002283F83E20FB681B6C43F00402FB6829
:1066F0001A64FB68002283F83C20012346E07B6893
:10670000B3F1FF3F21D0FDF7F9FE02463B68D31AF3
:106710007A689A4202D37B68002B16D1FB6800226C
:106720001A63FB68202283F83D20FB68002283F86F
:106730003E20FB681B6C43F02002FB681A64FB6878
:10674000002283F83C20012320E0BB681B0CDBB255
:10675000012B0CD1FB681B685B69DA43BB681340F3
:106760009BB2002B14BF01230023DBB20BE0FB68BC
:106770001B689B69DA43BB6813409BB2002B14BFB4
:1067800001230023DBB2002B8DD1002318461037E4
:10679000BD4680BD80B584B000AFF860B9607A6056
:1067A0002DE0F86800F0CEF80346002B01D001235D
:1067B0002DE0BB68B3F1FF3F21D0FDF79FFE0246FD
:1067C0007B68D31ABA689A4202D3BB68002B16D1F1
:1067D000FB6800221A63FB68202283F83D20FB68D7
:1067E000002283F83E20FB681B6C43F02002FB680C
:1067F0001A64FB68002283F83C20012307E0FB6851
:106800001B685B6903F08003802BCAD10023184604
:106810001037BD4680BD80B584B000AFF860B96068
:106820007A602DE0F86800F08DF80346002B01D067
:1068300001232DE0BB68B3F1FF3F21D0FDF75EFEE1
:1068400002467B68D31ABA689A4202D3BB68002B0F
:1068500016D1FB6800221A63FB68202283F83D20D2
:10686000FB68002283F83E20FB681B6C43F020028B
:10687000FB681A64FB68002283F83C20012307E0D0
:10688000FB681B685B6903F00403042BCAD1002377
:1068900018461037BD4680BD80B584B000AFF860A3
:1068A000B9607A6042E0FB681B685B6903F0100323
:1068B000102B19D1FB681B686FF010025A61FB683E
:1068C00000221A63FB68202283F83D20FB68002227
:1068D00083F83E20FB681A6CFB681A64FB68002290
:1068E00083F83C20012329E0FDF708FE02467B687F
:1068F000D31ABA689A4202D3BB68002B16D1FB6840
:1069000000221A63FB68202283F83D20FB680022E6
:1069100083F83E20FB681B6C43F02002FB681A647E
:10692000FB68002283F83C20012307E0FB681B681A
:106930005B6903F04003402BB5D1002318461037A4
:10694000BD4680BD80B483B000AF78607B681B68B3
:106950005B6903F48063B3F5806F1BD17B681B68B0
:106960006FF480625A617B6800221A637B68202280
:1069700083F83D207B68002283F83E207B681B6CF7
:1069800043F004027B681A647B68002283F83C2091
:10699000012300E0002318460C37BD465DF8047B58
:1069A0007047000080B586B000AF78607B68002B30
:1069B00001D1012367E27B681B6803F00103002B10
:1069C00075D0884B9B6803F00C03042B0CD0854BCF
:1069D0009B6803F00C03082B12D1824B5B6803F415
:1069E0008003B3F5800F0BD17E4B1B6803F400339B
:1069F000002B5BD07B685B68002B57D1012342E200
:106A00007B685B68B3F5803F06D1764B1B68754A9F
:106A100043F4803313601DE07B685B68B3F5A02FFF
:106A20000CD1704B1B686F4A43F4802313606D4B8D
:106A30001B686C4A43F4803313600BE0694B1B689E
:106A4000684A23F480331360664B1B68654A23F45D
:106A5000802313607B685B68002B13D0FDF74EFD2D
:106A6000386108E0FDF74AFD02463B69D31A642B02
:106A700001D9032307E25B4B1B6803F40033002BAF
:106A8000F0D014E0FDF73AFD386108E0FDF736FD7F
:106A900002463B69D31A642B01D90323F3E1514B1E
:106AA0001B6803F40033002BF0D100E000BF7B68CB
:106AB0001B6803F00203002B63D04A4B9B6803F072
:106AC0000C03002B0BD0474B9B6803F00C03082BE7
:106AD0001CD1444B5B6803F48003002B16D1414B5F
:106AE0001B6803F00203002B05D07B68DB68012BD9
:106AF00001D00123C7E13B4B1B6823F0F8027B6800
:106B00001B69DB00374913430B603AE07B68DB68A5
:106B1000002B20D0344B01221A60FDF7EFFC3861C6
:106B200008E0FDF7EBFC02463B69D31A022B01D9C2
:106B30000323A8E12B4B1B6803F00203002BF0D0CA
:106B4000284B1B6823F0F8027B681B69DB00254992
:106B500013430B6015E0244B00221A60FDF7CEFCB6
:106B6000386108E0FDF7CAFC02463B69D31A022BE4
:106B700001D9032387E11B4B1B6803F00203002BA1
:106B8000F0D17B681B6803F00803002B36D07B68CC
:106B90005B69002B16D0154B01221A60FDF7AEFC85
:106BA000386108E0FDF7AAFC02463B69D31A022BC4
:106BB00001D9032367E10B4B5B6F03F00203002B4A
:106BC000F0D01BE0094B00221A60FDF797FC3861FA
:106BD0000EE0FDF793FC02463B69D31A022B07D95E
:106BE000032350E10038024000004742800E474234
:106BF000884B5B6F03F00203002BEAD17B681B68B4
:106C000003F00403002B00F097800023FB75814BF9
:106C10001B6C03F08053002B0FD10023BB607D4B16
:106C20001B6C7C4A43F0805313647A4B1B6C03F05B
:106C30008053BB60BB680123FB75774B1B6803F473
:106C40008073002B18D1744B1B68734A43F4807314
:106C50001360FDF753FC386108E0FDF74FFC024676
:106C60003B69D31A022B01D903230CE16A4B1B6841
:106C700003F48073002BF0D07B689B68012B06D156
:106C8000644B1B6F634A43F0010313671CE07B688E
:106C90009B68052B0CD15F4B1B6F5E4A43F00403CE
:106CA00013675C4B1B6F5B4A43F0010313670BE0F8
:106CB000584B1B6F574A23F001031367554B1B6F4B
:106CC000544A23F0040313677B689B68002B15D09C
:106CD000FDF714FC38610AE0FDF710FC02463B6941
:106CE000D31A41F28832934201D90323CBE0494BB6
:106CF0001B6F03F00203002BEED014E0FDF7FEFB48
:106D000038610AE0FDF7FAFB02463B69D31A41F20B
:106D10008832934201D90323B5E03E4B1B6F03F049
:106D20000203002BEED1FB7D012B05D1394B1B6CEF
:106D3000384A23F0805313647B689B69002B00F072
:106D4000A180344B9B6803F00C03082B5CD07B685C
:106D50009B69022B41D1314B00221A60FDF7CEFB1B
:106D6000386108E0FDF7CAFB02463B69D31A022BE3
:106D700001D9032387E0274B1B6803F00073002B26
:106D8000F0D17B68DA697B681B6A1A437B685B6AAF
:106D90009B011A437B689B6A5B08013B1B041A43F7
:106DA0007B68DB6A1B061B4913434B601B4B0122AC
:106DB0001A60FDF7A3FB386108E0FDF79FFB024670
:106DC0003B69D31A022B01D903235CE0114B1B68EA
:106DD00003F00073002BF0D054E0104B00221A6037
:106DE000FDF78CFB386108E0FDF788FB02463B6944
:106DF000D31A022B01D9032345E0064B1B6803F08D
:106E00000073002BF0D13DE07B689B69012B07D11B
:106E1000012338E000380240007000406000474223
:106E20001B4B5B68FB607B689B69012B28D0FB6870
:106E300003F480027B68DB699A4221D1FB6803F08E
:106E40003F027B681B6A9A421AD1FA6847F6C07300
:106E500013407A68526A9201934211D1FB6803F49D
:106E600040327B689B6A5B08013B1B049A4207D156
:106E7000FB6803F070627B68DB6A1B069A4201D0F4
:106E8000012300E0002318461837BD4680BD00BF2F
:106E90000038024080B584B000AF786039607B680C
:106EA000002B01D10123CCE0684B1B6803F00703E2
:106EB0003A689A420CD9654B3A68D2B21A70634B61
:106EC0001B6803F007033A689A4201D00123B8E037
:106ED0007B681B6803F00203002B20D07B681B68D3
:106EE00003F00403002B05D0594B9B68584A43F428
:106EF000E05393607B681B6803F00803002B05D008
:106F0000534B9B68524A43F460439360504B9B68D9
:106F100023F0F0027B689B684D4913438B607B68CC
:106F20001B6803F00103002B44D07B685B68012BD6
:106F300007D1474B1B6803F40033002B19D1012301
:106F40007FE07B685B68022B03D07B685B68032B68
:106F500007D13F4B1B6803F00073002B09D10123BD
:106F60006FE03B4B1B6803F00203002B01D10123B0
:106F700067E0374B9B6823F003027B685B6834490A
:106F800013438B60FDF7BAFAF8600AE0FDF7B6FA32
:106F90000246FB68D31A41F28832934201D9032397
:106FA0004FE02B4B9B6803F00C027B685B689B00F7
:106FB0009A42EBD1254B1B6803F007033A689A42CB
:106FC0000CD2224B3A68D2B21A70204B1B6803F0E5
:106FD00007033A689A4201D0012332E07B681B68BC
:106FE00003F00403002B08D0194B9B6823F4E052F4
:106FF0007B68DB68164913438B607B681B6803F072
:107000000803002B09D0124B9B6823F460427B6875
:107010001B69DB000E4913438B6000F021F8024628
:107020000B4B9B681B0903F00F030A49CB5C22FA48
:1070300003F3094A1360094B1B681846FDF71AFA57
:10704000002318461037BD4680BD00BF003C0240FB
:1070500000380240B0ED00080C01002010010020B3
:107060002DE9B04F90B000AF00237B630023FB639A
:1070700000233B630023BB63594B9B6803F00C0365
:10708000082B0DD0082B00F2A180002B02D0042B7E
:1070900003D09BE0534BBB639BE0534BBB6398E037
:1070A0004F4B5B6803F03F037B634D4B5B6803F41E
:1070B0008003002B28D04A4B5B689B0900223B626F
:1070C0007A623B6AC3F308000021474B03FB01F2DD
:1070D000002300FB03F31344434AA0FB0212FA62AD
:1070E0000A46BA62FA6A1344FB627B6B0022BB61F8
:1070F000FA61D7E90623D7E90A01F9F7C5FD024687
:107100000B461346FB6353E0354B5B689B0900223B
:107110003B617A613B69C3F3080A4FF0000B5246AA
:107120005B464FF000004FF00001590141EAD26187
:10713000500102460B46B2EB0A0863EB0B094FF015
:1071400000024FF000034FEA891343EA98634FEAC5
:107150008812B2EB080463EB09054FF000024FF010
:107160000003EB0043EA5473E20014461D4614EB9F
:107170000A033B6045EB0B037B604FF000024FF0CE
:107180000003D7E9004529468B02214643EA915383
:1071900021468A02104619467B6B0022BB60FA60CA
:1071A000D7E90223F9F770FD02460B461346FB634D
:1071B0000B4B5B681B0C03F0030301335B003B6369
:1071C000FA6B3B6BB2FBF3F3BB6302E0054BBB63B3
:1071D00000BFBB6B18464037BD46BDE8B08F00BF4F
:1071E000003802400024F40040787D0180B400AFF4
:1071F000034B1B681846BD465DF8047B704700BF13
:107200000C01002080B500AFFFF7F0FF0246054BF0
:107210009B689B0A03F007030349CB5C22FA03F344
:10722000184680BD00380240C0ED000880B500AFB0
:10723000FFF7DCFF0246054B9B685B0B03F007037F
:107240000349CB5C22FA03F3184680BD00380240A4
:10725000C0ED000880B582B000AF78607B68002B7D
:1072600001D101237BE07B685B6A002B08D17B683E
:107270005B68B3F5827F09D07B680022DA6105E0A4
:107280007B6800221A617B6800225A617B680022B9
:107290009A627B6893F85130DBB2002B06D17B6891
:1072A000002283F850207868FCF758F97B680222A6
:1072B00083F851207B681B681A687B681B6822F082
:1072C00040021A607B685B6803F482727B689B688B
:1072D00003F404431A437B68DB6803F400631A4336
:1072E0007B681B6903F002031A437B685B6903F048
:1072F00001031A437B689B6903F400731A437B689C
:10730000DB6903F038031A437B681B6A03F08003D0
:1073100042EA03017B689B6A03F400527B681B68A6
:107320000A431A607B689B691B0C03F004017B68AD
:107330005B6A03F010027B681B680A435A607B6833
:107340001B68DA697B681B6822F40062DA617B687B
:1073500000225A657B68012283F8512000231846D9
:107360000837BD4680BD80B582B000AF78607B68CD
:10737000002B01D1012341E07B6893F83D30DBB263
:10738000002B06D17B68002283F83C207868FCF74C
:107390008DFD7B68022283F83D207B681A687B683C
:1073A00004331946104600F099FE7B68012283F8E9
:1073B00046207B68012283F83E207B68012283F807
:1073C0003F207B68012283F840207B68012283F8FC
:1073D00041207B68012283F842207B68012283F8E8
:1073E00043207B68012283F844207B68012283F8D4
:1073F00045207B68012283F83D200023184608378A
:10740000BD4680BD80B485B000AF78607B6893F8DE
:107410003D30DBB2012B01D001234EE07B6802221C
:1074200083F83D207B681B68DA687B681B6842F044
:107430000102DA607B681B68234A934222D07B6892
:107440001B68B3F1804F1DD07B681B681F4A9342B5
:1074500018D07B681B681E4A934213D07B681B6858
:107460001C4A93420ED07B681B681B4A934209D08A
:107470007B681B68194A934204D07B681B68184AD2
:10748000934211D17B681B689B6803F00703FB6084
:10749000FB68062B10D07B681B681A687B681B682A
:1074A00042F001021A6007E07B681B681A687B687B
:1074B0001B6842F001021A60002318461437BD46CB
:1074C0005DF8047B704700BF0000014000040040ED
:1074D00000080040000C0040000401400040014052
:1074E0000018004080B582B000AF78607B68002B48
:1074F00001D1012341E07B6893F83D30DBB2002BE2
:1075000006D17B68002283F83C20786800F039F8C7
:107510007B68022283F83D207B681A687B6804330D
:107520001946104600F0DAFD7B68012283F84620F8
:107530007B68012283F83E207B68012283F83F208C
:107540007B68012283F840207B68012283F8412078
:107550007B68012283F842207B68012283F8432064
:107560007B68012283F844207B68012283F8452050
:107570007B68012283F83D20002318460837BD466A
:1075800080BD80B483B000AF786000BF0C37BD46CB
:107590005DF8047B7047000080B584B000AF786070
:1075A00039603B68002B09D17B6893F83E30DBB231
:1075B000012B14BF01230023DBB222E03B68042B24
:1075C00009D17B6893F83F30DBB2012B14BF012354
:1075D0000023DBB215E03B68082B09D17B6893F8E8
:1075E0004030DBB2012B14BF01230023DBB208E0E3
:1075F0007B6893F84130DBB2012B14BF01230023D9
:10760000DBB2002B01D001237CE03B68002B04D1CE
:107610007B68022283F83E2013E03B68042B04D1F0
:107620007B68022283F83F200BE03B68082B04D1E3
:107630007B68022283F8402003E07B68022283F803
:1076400041207B681B6801223968184601F05AF90D
:107650007B681B682D4A934204D07B681B682C4AC8
:10766000934201D1012300E00023002B07D07B6867
:107670001B685A6C7B681B6842F400425A647B6842
:107680001B68224A934222D07B681B68B3F1804F6B
:107690001DD07B681B681F4A934218D07B681B680B
:1076A0001D4A934213D07B681B681C4A93420ED03C
:1076B0007B681B68164A934209D07B681B68184A8E
:1076C000934204D07B681B68164A934211D17B68B1
:1076D0001B689B6803F00703FB60FB68062B10D058
:1076E0007B681B681A687B681B6842F001021A609D
:1076F00007E07B681B681A687B681B6842F0010220
:107700001A60002318461037BD4680BD00000140B6
:10771000000401400004004000080040000C00404C
:10772000004001400018004080B582B000AF786092
:107730007B68002B01D1012341E07B6893F83D3049
:10774000DBB2002B06D17B68002283F83C207868EE
:10775000FCF7E0FC7B68022283F83D207B681A6816
:107760007B6804331946104600F0B8FC7B680122A0
:1077700083F846207B68012283F83E207B68012243
:1077800083F83F207B68012283F840207B68012238
:1077900083F841207B68012283F842207B68012224
:1077A00083F843207B68012283F844207B68012210
:1077B00083F845207B68012283F83D20002318468A
:1077C0000837BD4680BD80B586B000AF78603960AF
:1077D0007B68002B01D1012397E07B6893F83D3053
:1077E000DBB2002B06D17B68002283F83C2078684E
:1077F000FCF7F6FB7B68022283F83D207B681B6860
:107800009B687A68126823F4804323F0070393602F
:107810007B681A687B6804331946104600F05EFCEA
:107820007B681B689B687B617B681B689B693B610D
:107830007B681B681B6AFB603B681B687A691343A3
:107840007B613B6923F4407323F003033B613B6896
:107850009A683B689B691B0213433A6913433B6177
:107860003B6923F4406323F00C033B613B6923F441
:10787000704323F0F0033B613B68DA683B68DB69E7
:107880001B0213433A6913433B613B681B691A01AE
:107890003B681B6A1B0313433A6913433B61FB6854
:1078A00023F02203FB60FB6823F08803FB603B6846
:1078B0005A683B685B691B011343FA681343FB601A
:1078C0007B681B687A699A607B681B683A699A6171
:1078D0007B681B68FA681A627B68012283F846207D
:1078E0007B68012283F83E207B68012283F83F20D9
:1078F0007B68012283F842207B68012283F84320C1
:107900007B68012283F83D20002318461837BD46C6
:1079100080BD80B584B000AF786039607B6893F833
:107920003E30FB737B6893F83F30BB737B6893F802
:1079300042307B737B6893F843303B733B68002B8A
:1079400010D1FB7B012B02D17B7B012B01D00123CA
:1079500069E07B68022283F83E207B68022283F87C
:10796000422031E03B68042B10D1BB7B012B02D1BC
:107970003B7B012B01D0012355E07B68022283F879
:107980003F207B68022283F843201DE0FB7B012B14
:1079900008D1BB7B012B05D17B7B012B02D13B7B2B
:1079A000012B01D001233EE07B68022283F83E20B8
:1079B0007B68022283F83F207B68022283F8422002
:1079C0007B68022283F843203B68002B03D03B688E
:1079D000042B08D00FE07B681B68012200211846A9
:1079E00000F090FF16E07B681B6801220421184616
:1079F00000F088FF0EE07B681B680122002118461A
:107A000000F080FF7B681B6801220421184600F00B
:107A100079FF00BF7B681B681A687B681B6842F0AF
:107A200001021A60002318461037BD4680BD80B59C
:107A300082B000AF78607B681B681B6903F00203AB
:107A4000022B22D17B681B68DB6803F00203022B48
:107A50001BD17B681B686FF002021A617B680122F0
:107A60001A777B681B689B6903F00303002B03D024
:107A7000786800F014FB05E0786800F006FB786891
:107A800000F017FB7B6800221A777B681B681B6974
:107A900003F00403042B22D17B681B68DB6803F02E
:107AA0000403042B1BD17B681B686FF004021A616E
:107AB0007B6802221A777B681B689B6903F440731A
:107AC000002B03D0786800F0EAFA05E0786800F04F
:107AD000DCFA786800F0EDFA7B6800221A777B68A0
:107AE0001B681B6903F00803082B22D17B681B6805
:107AF000DB6803F00803082B1BD17B681B686FF061
:107B000008021A617B6804221A777B681B68DB69AC
:107B100003F00303002B03D0786800F0C0FA05E0FF
:107B2000786800F0B2FA786800F0C3FA7B68002247
:107B30001A777B681B681B6903F01003102B22D196
:107B40007B681B68DB6803F01003102B1BD17B687C
:107B50001B686FF010021A617B6808221A777B6835
:107B60001B68DB6903F44073002B03D0786800F0D6
:107B700096FA05E0786800F088FA786800F099FADB
:107B80007B6800221A777B681B681B6903F001037E
:107B9000012B0ED17B681B68DB6803F00103012B0E
:107BA00007D17B681B686FF001021A617868FAF7E9
:107BB0006BFD7B681B681B6903F08003802B0ED173
:107BC0007B681B68DB6803F08003802B07D17B6830
:107BD0001B686FF080021A61786800F091FF7B6883
:107BE0001B681B6903F04003402B0ED17B681B68A8
:107BF000DB6803F04003402B07D17B681B686FF004
:107C000040021A61786800F05EFA7B681B681B69A5
:107C100003F02003202B0ED17B681B68DB6803F088
:107C20002003202B07D17B681B686FF020021A61AC
:107C3000786800F05BFF00BF0837BD4680BD80B5A7
:107C400086B000AFF860B9607A600023FB75FB680E
:107C500093F83C30012B01D1022388E0FB6801221C
:107C600083F83C207B68002B1BD1FB681868BB683D
:107C70001968BB685A68BB68DB6800F07FFCFB686A
:107C80001B689A69FB681B6822F00C029A61FB680A
:107C90001B689969BB689A68FB681B680A439A610C
:107CA00060E07B68042B1CD1FB681868BB6819680E
:107CB000BB685A68BB68DB6800F003FDFB681B68A3
:107CC0009A69FB681B6822F440629A61FB681B6832
:107CD0009969BB689B681A02FB681B680A439A6132
:107CE00040E07B68082B1BD1FB681868BB681968EB
:107CF000BB685A68BB68DB6800F050FDFB681B6816
:107D0000DA69FB681B6822F00C02DA61FB681B6809
:107D1000D969BB689A68FB681B680A43DA6121E08D
:107D20007B680C2B1CD1FB681868BB681968BB68A2
:107D30005A68BB68DB6800F06DFDFB681B68DA6998
:107D4000FB681B6822F44062DA61FB681B68D96932
:107D5000BB689B681A02FB681B680A43DA6101E092
:107D60000123FB75FB68002283F83C20FB7D18464D
:107D70001837BD4680BD000080B586B000AFF86002
:107D8000B9607A600023FB75FB6893F83C30012BE7
:107D900001D10223AEE0FB68012283F83C207B681E
:107DA0000C2B00F29F8001A252F823F0E17D000825
:107DB000E57E0008E57E0008E57E0008217E0008DB
:107DC000E57E0008E57E0008E57E0008637E000889
:107DD000E57E0008E57E0008E57E0008A37E000839
:107DE000FB681B68B968184600F018FAFB681B6846
:107DF0009A69FB681B6842F008029A61FB681B687D
:107E00009A69FB681B6822F004029A61FB681B6890
:107E10009969BB681A69FB681B680A439A6164E048
:107E2000FB681B68B968184600F068FAFB681B68B5
:107E30009A69FB681B6842F400629A61FB681B68E0
:107E40009A69FB681B6822F480629A61FB681B6870
:107E50009969BB681B691A02FB681B680A439A612F
:107E600043E0FB681B68B968184600F0BDFAFB6880
:107E70001B68DA69FB681B6842F00802DA61FB687C
:107E80001B68DA69FB681B6822F00402DA61FB6890
:107E90001B68D969BB681A69FB681B680A43DA6109
:107EA00023E0FB681B68B968184600F011FBFB680B
:107EB0001B68DA69FB681B6842F40062DA61FB68E0
:107EC0001B68DA69FB681B6822F48062DA61FB6870
:107ED0001B68D969BB681B691A02FB681B680A43E7
:107EE000DA6102E00123FB7500BFFB68002283F822
:107EF0003C20FB7D18461837BD4680BD80B584B058
:107F000000AF786039600023FB737B6893F83C30E6
:107F1000012B01D10223B4E07B68012283F83C20CD
:107F20007B68022283F83D207B681B689B68BB60EE
:107F3000BB6823F07703BB60BB6823F47F43BB605F
:107F40007B681B68BA689A603B681B68B3F5005F82
:107F50003ED0B3F5005F00F28780B3F5805F00F09C
:107F60008680B3F5805F7FD8702B1AD0702B7BD8BA
:107F7000602B50D0602B77D8502B3CD0502B73D82F
:107F8000402B58D0402B6FD8302B64D0302B6BD87F
:107F9000202B60D0202B67D8002B5CD0102B5AD020
:107FA00062E07B6818683B6899683B685A683B6880
:107FB000DB6800F087FC7B681B689B68BB60BB6864
:107FC00043F07703BB607B681B68BA689A604FE038
:107FD0007B6818683B6899683B685A683B68DB684F
:107FE00000F070FC7B681B689A687B681B6842F431
:107FF00080429A603CE07B6818683B6859683B683F
:10800000DB681A4600F02EFB7B681B68502118467F
:1080100000F03DFC2CE07B6818683B6859683B68C1
:10802000DB681A4600F08AFB7B681B6860211846F3
:1080300000F02DFC1CE07B6818683B6859683B68C1
:10804000DB681A4600F00EFB7B681B68402118466F
:1080500000F01DFC0CE07B681A683B681B68194641
:10806000104600F014FC03E00123FB7300E000BFA6
:108070007B68012283F83D207B68002283F83C2046
:10808000FB7B18461037BD4680BD80B483B000AF7F
:10809000786000BF0C37BD465DF8047B704780B444
:1080A00083B000AF786000BF0C37BD465DF8047B3D
:1080B000704780B483B000AF786000BF0C37BD4616
:1080C0005DF8047B704780B483B000AF786000BF78
:1080D0000C37BD465DF8047B7047000080B485B066
:1080E00000AF786039607B681B68FB607B68404A42
:1080F000934213D07B68B3F1804F0FD07B683D4A29
:1081000093420BD07B683C4A934207D07B683B4A42
:10811000934203D07B683A4A934208D1FB6823F02C
:108120007003FB603B685B68FA681343FB607B6825
:108130002F4A93422BD07B68B3F1804F27D07B68C6
:108140002C4A934223D07B682B4A93421FD07B68F2
:108150002A4A93421BD07B68294A934217D07B68F6
:10816000284A934213D07B68274A93420FD07B68FA
:10817000264A93420BD07B68254A934207D07B68FE
:10818000244A934203D07B68234A934208D1FB6878
:1081900023F44073FB603B68DB68FA681343FB60C1
:1081A000FB6823F080023B685B691343FB607B68DC
:1081B000FA681A603B689A687B68DA623B681A68FA
:1081C0007B689A627B680A4A934203D07B680C4AB8
:1081D000934203D13B681A697B681A637B6801226A
:1081E0005A6100BF1437BD465DF8047B704700BF7D
:1081F000000001400004004000080040000C004066
:10820000000401400040014000440140004801409A
:1082100000180040001C00400020004080B487B0DF
:1082200000AF786039607B681B6A23F001027B68CD
:108230001A627B681B6A7B617B685B683B617B6859
:108240009B69FB60FB6823F07003FB60FB6823F015
:108250000303FB603B681B68FA681343FB607B69A0
:1082600023F002037B613B689B687A6913437B615F
:108270007B68204A934203D07B681F4A93420CD10B
:108280007B6923F008037B613B68DB687A691343F1
:108290007B617B6923F004037B617B68154A934211
:1082A00003D07B68144A934211D13B6923F4807355
:1082B0003B613B6923F400733B613B685B693A694E
:1082C00013433B613B689B693A6913433B617B689D
:1082D0003A695A607B68FA689A613B685A687B68B9
:1082E0005A637B687A691A6200BF1C37BD465DF825
:1082F000047B7047000001400004014080B487B057
:1083000000AF786039607B681B6A23F010027B68DD
:108310001A627B681B6A7B617B685B683B617B6878
:108320009B69FB60FB6823F4E043FB60FB6823F47C
:108330004073FB603B681B681B02FA681343FB60D9
:108340007B6923F020037B613B689B681B017A6992
:1083500013437B617B68224A934203D07B68214AA6
:1083600093420DD17B6923F080037B613B68DB681E
:108370001B017A6913437B617B6923F040037B61B6
:108380007B68174A934203D07B68164A934213D105
:108390003B6923F480633B613B6923F400633B61E9
:1083A0003B685B699B003A6913433B613B689B698F
:1083B0009B003A6913433B617B683A695A607B686A
:1083C000FA689A613B685A687B689A637B687A6945
:1083D0001A6200BF1C37BD465DF8047B704700BFC2
:1083E000000001400004014080B487B000AF786015
:1083F00039607B681B6A23F480727B681A627B6831
:108400001B6A7B617B685B683B617B68DB69FB6047
:10841000FB6823F07003FB60FB6823F00303FB6041
:108420003B681B68FA681343FB607B6923F40073A5
:108430007B613B689B681B027A6913437B617B68A5
:10844000214A934203D07B68204A93420DD17B6935
:1084500023F400637B613B68DB681B027A6913438A
:108460007B617B6923F480637B617B68164A93425E
:1084700003D07B68154A934213D13B6923F48053A0
:108480003B613B6923F400533B613B685B691B0123
:108490003A6913433B613B689B691B013A6913438B
:1084A0003B617B683A695A607B68FA68DA613B68CD
:1084B0005A687B68DA637B687A691A6200BF1C3786
:1084C000BD465DF8047B7047000001400004014098
:1084D00080B487B000AF786039607B681B6A23F492
:1084E00080527B681A627B681B6A3B617B685B68B1
:1084F0007B617B68DB69FB60FB6823F4E043FB6026
:10850000FB6823F44073FB603B681B681B02FA683E
:108510001343FB603B6923F400533B613B689B685A
:108520001B033A6913433B617B68124A934203D0B1
:108530007B68114A934209D17B6923F480437B61B4
:108540003B685B699B017A6913437B617B687A694D
:108550005A607B68FA68DA613B685A687B681A641B
:108560007B683A691A6200BF1C37BD465DF8047B20
:10857000704700BF000001400004014080B487B094
:1085800000AFF860B9607A603B60FB681B6A23F05B
:108590000102FB681A62FB689B697B61FB681B6ACE
:1085A0003B61FB68284A93421BD0FB68B3F1804FC4
:1085B00017D0FB68254A934213D0FB68244A9342A4
:1085C0000FD0FB68234A93420BD0FB68224A9342A8
:1085D00007D0FB68214A934203D0FB68204A9342AC
:1085E00001D1012300E00023002B08D07B6923F098
:1085F00003037B617A697B6813437B6103E07B69DA
:1086000043F001037B617B6923F0F0037B613B68EE
:108610001B01DBB27A6913437B613B6923F00A03D8
:108620003B61BB6803F00A033A6913433B61FB6893
:108630007A699A61FB683A691A6200BF1C37BD46C5
:108640005DF8047B704700BF00000140000400405B
:1086500000080040000C00400004014000400140C0
:108660000018004080B487B000AFF860B9607A604D
:10867000FB681B6A7B61FB681B6A23F00102FB68D5
:108680001A62FB689B693B613B6923F0F0033B6125
:108690007B681B013A6913433B617B6923F00A0342
:1086A0007B617A69BB6813437B61FB683A699A61B5
:1086B000FB687A691A6200BF1C37BD465DF8047B0F
:1086C000704780B487B000AFF860B9607A603B60F3
:1086D000FB681B6A23F01002FB681A62FB689B6947
:1086E0007B61FB681B6A3B617B6923F440737B61A0
:1086F0007B681B027A6913437B617B6923F47043B7
:108700007B613B681B039BB27A6913437B613B69C6
:1087100023F0A0033B61BB681B0103F0A0033A698F
:1087200013433B61FB687A699A61FB683A691A6294
:1087300000BF1C37BD465DF8047B704780B487B02E
:1087400000AFF860B9607A60FB681B6A23F0100222
:10875000FB681A62FB689B697B61FB681B6A3B6173
:108760007B6923F470437B617B681B037A69134345
:108770007B613B6923F0A0033B61BB681B013A6945
:1087800013433B61FB687A699A61FB683A691A6234
:1087900000BF1C37BD465DF8047B704780B487B0CE
:1087A00000AFF860B9607A603B60FB681B6A23F435
:1087B0008072FB681A62FB68DB697B61FB681B6A7D
:1087C0003B617B6923F003037B617A697B68134318
:1087D0007B617B6923F0F0037B613B681B01DBB2AB
:1087E0007A6913437B613B6923F420633B61BB6877
:1087F0001B0203F420633A6913433B61FB687A6907
:10880000DA61FB683A691A6200BF1C37BD465DF841
:10881000047B704780B487B000AFF860B9607A60BD
:108820003B60FB681B6A23F48052FB681A62FB689A
:10883000DB697B61FB681B6A3B617B6923F44073E6
:108840007B617B681B027A6913437B617B6923F43C
:1088500070437B613B681B039BB27A6913437B6166
:108860003B6923F420433B61BB681B0303F42043B3
:108870003A6913433B61FB687A69DA61FB683A69DC
:108880001A6200BF1C37BD465DF8047B704780B498
:1088900085B000AF786039607B689B68FB60FB68DF
:1088A00023F07003FB603A68FB68134343F007034F
:1088B000FB607B68FA689A6000BF1437BD465DF8BC
:1088C000047B704780B487B000AFF860B9607A600D
:1088D0003B60FB689B687B617B6923F47F437B6122
:1088E0003B681A027B681A43BB6813437A691343D7
:1088F0007B61FB687A699A6000BF1C37BD465DF8F2
:10890000047B704780B487B000AFF860B9607A60CC
:10891000BB6803F01F03012202FA03F37B61FB68CB
:108920001A6A7B69DB431A40FB681A62FB681A6AA1
:10893000BB6803F01F03796801FA03F31A43FB686D
:108940001A6200BF1C37BD465DF8047B704700000B
:1089500080B485B000AF786039607B6893F83C30B4
:10896000012B01D102235AE07B68012283F83C20CD
:108970007B68022283F83D207B681B685B68FB6094
:108980007B681B689B68BB60FB6823F07003FB601F
:108990003B681B68FA681343FB607B681B68FA68D6
:1089A0005A607B681B68214A934222D07B681B680F
:1089B000B3F1804F1DD07B681B681D4A934218D0CD
:1089C0007B681B681B4A934213D07B681B681A4A5A
:1089D00093420ED07B681B68184A934209D07B688B
:1089E0001B68174A934204D07B681B68154A934260
:1089F0000CD1BB6823F08003BB603B685B68BA683E
:108A00001343BB607B681B68BA689A607B6801226D
:108A100083F83D207B68002283F83C200023184621
:108A20001437BD465DF8047B704700BF000001406D
:108A30000004004000080040000C00400004014019
:108A4000004001400018004080B485B000AF78605D
:108A500039600023FB607B6893F83C30012B01D127
:108A600002233DE07B68012283F83C20FB6823F071
:108A7000FF023B68DB681343FB60FB6823F4407232
:108A80003B689B681343FB60FB6823F480623B6890
:108A90005B681343FB60FB6823F400623B681B6860
:108AA0001343FB60FB6823F480523B681B6913434C
:108AB000FB60FB6823F400523B685B691343FB6077
:108AC000FB6823F480423B68DB691343FB607B68EF
:108AD0001B68FA685A647B68002283F83C200023F4
:108AE00018461437BD465DF8047B704780B483B0E8
:108AF00000AF786000BF0C37BD465DF8047B70475F
:108B000080B483B000AF786000BF0C37BD465DF81D
:108B1000047B704780B582B000AF78607B68002B23
:108B200001D101233FE07B6893F83D30DBB2002B9D
:108B300006D17B68002283F83C207868FBF7C0FBF5
:108B40007B68242283F83D207B681B68DA687B6899
:108B50001B6822F40052DA60786800F0DFFD7B6861
:108B60001B681A697B681B6822F490421A617B6853
:108B70001B685A697B681B6822F02A025A617B686D
:108B80001B68DA687B681B6842F40052DA607B6815
:108B900000221A647B68202283F83D207B68202213
:108BA00083F83E20002318460837BD4680BD80B5B7
:108BB0008AB002AFF860B9603B601346FB800023C7
:108BC0007B61FB6893F83D30DBB2202B7CD1BB6826
:108BD000002B02D0FB88002B01D1012375E0FB683C
:108BE00093F83C30012B01D102236EE0FB68012297
:108BF00083F83C20FB6800221A64FB68212283F87A
:108C00003D20FBF77BFC7861FB68FA889A84FB685F
:108C1000FA88DA84FB689B68B3F5805F08D1FB684B
:108C20001B69002B04D10023FB61BB68BB6103E01F
:108C3000BB68FB610023BB61FB68002283F83C201A
:108C40002AE03B6800937B6900228021F86800F0ED
:108C50001FFB0346002B01D0032336E0FB69002BEA
:108C60000BD1BB691B881A46FB681B68C2F308025C
:108C70005A60BB690233BB6107E0FB691A78FB6885
:108C80001B685A60FB690133FB61FB68DB8C9BB29C
:108C9000013B9AB2FB68DA84FB68DB8C9BB2002B49
:108CA000CFD13B6800937B6900224021F86800F037
:108CB000EFFA0346002B01D0032306E0FB682022D5
:108CC00083F83D20002300E0022318462037BD46EC
:108CD00080BD80B584B000AFF860B9601346FB80FA
:108CE000FB6893F83E30DBB2202B1DD1BB68002B14
:108CF00002D0FB88002B01D1012316E0FB6893F81A
:108D00003C30012B01D102230FE0FB68012283F8E4
:108D10003C20FB6800221A63FB881A46B968F86891
:108D200000F024FB034600E0022318461037BD463E
:108D300080BD000080B5BAB000AF78607B681B686A
:108D40001B68C7F8E4307B681B68DB68C7F8E03055
:108D50007B681B685B69C7F8DC300023C7F8D83034
:108D60000023C7F8D430D7F8E43003F00F03C7F876
:108D7000D830D7F8D830002B0FD1D7F8E43003F033
:108D80002003002B09D0D7F8E03003F02003002B9C
:108D900003D0786800F007FC56E2D7F8D830002BF3
:108DA00000F0DE80D7F8DC3003F00103002B06D1A1
:108DB000D7F8E03003F49073002B00F0D180D7F89F
:108DC000E43003F00103002B0BD0D7F8E03003F4BC
:108DD0008073002B05D07B681B6C43F001027B681D
:108DE0001A64D7F8E43003F00403002B0BD0D7F853
:108DF000DC3003F00103002B05D07B681B6C43F0D3
:108E000002027B681A64D7F8E43003F00203002BF7
:108E10000BD0D7F8DC3003F00103002B05D07B68C2
:108E20001B6C43F004027B681A64D7F8E43003F04B
:108E30000803002B11D0D7F8E03003F02003002BFB
:108E400005D1D7F8DC3003F00103002B05D07B6897
:108E50001B6C43F008027B681A647B681B6C002B58
:108E600000F0ED81D7F8E43003F02003002B08D0A8
:108E7000D7F8E03003F02003002B02D0786800F030
:108E800092FB7B681B685B6903F04003402B0CBFBF
:108E900001230023DBB2C7F8D4307B681B6C03F0DE
:108EA0000803002B03D1D7F8D430002B4FD07868BB
:108EB00000F09AFA7B681B685B6903F04003402B63
:108EC00041D17B681B681433C7F89C30D7F89C30BD
:108ED00053E8003FC7F89830D7F8983023F04003A4
:108EE000C7F8D0307B681B681433D7F8D020C7F898
:108EF000A820C7F8A430D7F8A410D7F8A82041E8D4
:108F00000023C7F8A030D7F8A030002BD9D17B6858
:108F10009B6B002B13D07B689B6B7D4A1A657B682B
:108F20009B6B1846FBF7FDFE0346002B16D07B68B3
:108F30009B6B1B6D7A68926B104698470EE07868C1
:108F400000F090F90AE0786800F08CF906E07868A3
:108F500000F088F97B6800221A6470E100BF6EE1BE
:108F60007B681B6B012B40F04A81D7F8E43003F09B
:108F70001003002B00F04381D7F8E03003F010031A
:108F8000002B00F03C810023BB607B681B681B68E2
:108F9000BB607B681B685B68BB60BB687B681B68E9
:108FA0005B6903F04003402B40F0B4807B689B6B0F
:108FB0001B685B68A7F8BE30B7F8BE30002B00F026
:108FC00040817B689B8DB7F8BE209A4280F0398142
:108FD0007B68B7F8BE20DA857B689B6BDB69B3F5ED
:108FE000807F00F088807B681B680C33C7F888306E
:108FF000D7F8883053E8003FC7F88430D7F884307A
:1090000023F48073C7F8B8307B681B680C33D7F83B
:10901000B820C7F89420C7F89030D7F89010D7F848
:10902000942041E80023C7F88C30D7F88C30002B0F
:10903000D9D17B681B6814337B677B6F53E8003F93
:109040003B673B6F23F00103C7F8B4307B681B68B4
:109050001433D7F8B420C7F88020FB67F96FD7F82E
:10906000802041E80023BB67BB6F002BE1D17B6808
:109070001B6814333B663B6E53E8003FFB65FB6D9A
:1090800023F04003C7F8B0307B681B681433D7F86F
:10909000B020FA66BB66B96EFA6E41E800237B66C3
:1090A0007B6E002BE3D17B68202283F83E207B6817
:1090B00000221A637B681B680C33FB64FB6C53E86B
:1090C000003FBB64BB6C23F01003C7F8AC307B6877
:1090D0001B680C33D7F8AC20BA657B65796DBA6D27
:1090E00041E800233B653B6D002BE3D17B689B6B24
:1090F0001846FBF7A6FD7B689A8D7B68DB8D9BB2DB
:10910000D31A9BB21946786800F0B6F899E000BF10
:10911000AF9400087B689A8D7B68DB8D9BB2D31A75
:10912000A7F8CE307B68DB8D9BB2002B00F08B80E4
:10913000B7F8CE30002B00F086807B681B680C33BC
:10914000BB63BB6B53E8003F7B637B6B23F4907383
:10915000C7F8C8307B681B680C33D7F8C8207A641E
:109160003B64396C7A6C41E80023FB63FB6B002B9A
:10917000E3D17B681B6814337B627B6A53E8003F52
:109180003B623B6A23F00103C7F8C4307B681B686D
:109190001433D7F8C4203A63FB62F96A3A6B41E8AA
:1091A0000023BB62BB6A002BE3D17B68202283F8DB
:1091B0003E207B6800221A637B681B680C333B618E
:1091C0003B6953E8003FFB60FB6823F01003C7F8DE
:1091D000C0307B681B680C33D7F8C020FA61BB61D4
:1091E000B969FA6941E800237B617B69002BE3D10F
:1091F000B7F8CE301946786800F03EF823E0D7F88B
:10920000E43003F08003002B09D0D7F8E03003F0FE
:109210008003002B03D0786800F05DF914E0D7F8E4
:10922000E43003F04003002B0ED0D7F8E03003F019
:109230004003002B08D0786800F09DF904E000BFDF
:1092400002E000BF00E000BFE837BD4680BD00BFC0
:1092500080B483B000AF786000BF0C37BD465DF8C6
:10926000047B704780B483B000AF786000BF0C37D8
:10927000BD465DF8047B704780B483B000AF786072
:109280000B467B8000BF0C37BD465DF8047B704702
:1092900080B590B000AFF860B9603B601346FB71D9
:1092A00050E0BB6CB3F1FF3F4CD0BB6C002B07D040
:1092B000FBF724F902463B68D31ABA6C9A4241D2B2
:1092C000FB681B680C33BB62BB6A53E8003F7B62E0
:1092D0007B6A23F4D073FB63FB681B680C33FA6B67
:1092E0007A633B63396B7A6B41E80023FB62FB6A6C
:1092F000002BE5D1FB681B6814337B617B6953E865
:10930000003F3B613B6923F00103BB63FB681B68C3
:109310001433BA6B3A62FB61F9693A6A41E8002397
:10932000BB61BB69002BE5D1FB68202283F83D209F
:10933000FB68202283F83E20FB68002283F83C2053
:1093400003230FE0FB681B681A68BB681340BA6808
:109350009A420CBF01230023DBB21A46FB799A42E2
:109360009FD0002318464037BD4680BD80B485B0ED
:1093700000AFF860B9601346FB80FB68BA689A6278
:10938000FB68FA889A85FB68FA88DA85FB68002210
:109390001A64FB68222283F83E20FB68002283F8CF
:1093A0003C20FB681B69002B07D0FB681B68DA6850
:1093B000FB681B6842F48072DA60FB681B685A69BC
:1093C000FB681B6842F001025A61FB681B68DA689F
:1093D000FB681B6842F02002DA600023184614374D
:1093E000BD465DF8047B704780B495B000AF7860EF
:1093F0007B681B680C337B637B6B53E8003F3B63EC
:109400003B6B23F49073FB647B681B680C33FA6C32
:109410003A64FB63F96B3A6C41E80023BB63BB6BB6
:10942000002BE5D17B681B6814333B623B6A53E831
:10943000003FFB61FB6923F00103BB647B681B6891
:109440001433BA6CFA62BB62B96AFA6A41E8002363
:109450007B627B6A002BE5D17B681B6B012B19D1EA
:109460007B681B680C33FB60FB6853E8003FBB6004
:10947000BB6823F010037B647B681B680C337A6C39
:10948000BA617B617969BA6941E800233B613B6954
:10949000002BE5D17B68202283F83E207B680022E8
:1094A0001A6300BF5437BD465DF8047B704780B532
:1094B00084B000AF78607B689B6BFB60FB68002228
:1094C000DA85FB680022DA84F868FFF7CBFE00BF7C
:1094D0001037BD4680BD80B485B000AF78607B6832
:1094E00093F83D30DBB2212B3ED17B689B68B3F50E
:1094F000805F14D17B681B69002B10D17B681B6ACD
:10950000FB60FB681B881A467B681B68C2F3080275
:109510005A607B681B6A9A1C7B681A6208E07B6849
:109520001B6A591C7A6811621A787B681B685A603A
:109530007B68DB8C9BB2013B9BB27A681946D18475
:10954000002B0FD17B681B68DA687B681B6822F0F0
:109550008002DA607B681B68DA687B681B6842F00F
:109560004002DA60002300E0022318461437BD46AB
:109570005DF8047B704780B582B000AF78607B688F
:109580001B68DA687B681B6822F04002DA607B683F
:10959000202283F83D207868FFF75AFE0023184602
:1095A0000837BD4680BD80B58CB000AF78607B6861
:1095B00093F83E30DBB2222B40F0AB807B689B6897
:1095C000B3F5805F17D17B681B69002B13D1002393
:1095D000FB627B689B6ABB627B681B685B689BB2B3
:1095E000C3F308039AB2BB6A1A807B689B6A9A1C11
:1095F0007B689A6226E07B689B6AFB620023BB6201
:109600007B689B68B3F5805F07D07B689B68002B05
:109610000AD17B681B69002B06D17B681B685B68DD
:10962000DAB2FB6A1A7008E07B681B685B68DBB221
:1096300003F07F03DAB2FB6A1A707B689B6A5A1CDC
:109640007B689A627B68DB8D9BB2013B9BB27A6838
:109650001946D185002B5AD17B681B68DA687B6874
:109660001B6822F02002DA607B681B68DA687B687E
:109670001B6822F48072DA607B681B685A697B6819
:109680001B6822F001025A617B68202283F83E2089
:109690007B681B6B012B35D17B6800221A637B68CA
:1096A0001B680C337B617B6953E8003F3B613B697E
:1096B00023F010037B627B681B680C337A6A3A6282
:1096C000FB61F9693A6A41E80023BB61BB69002B81
:1096D000E5D17B681B681B6803F01003102B0AD1CF
:1096E0000023FB607B681B681B68FB607B681B6852
:1096F0005B68FB60FB687B689B8D19467868FFF7A9
:10970000BBFD02E07868F8F7A5FF002302E0002324
:1097100000E0022318463037BD4680BD2DE9B04F2A
:10972000C0B000AFC7F8F400D7F8F4301B681B696D
:1097300023F44050D7F8F430D968D7F8F4301A68D9
:1097400040EA01031361D7F8F4309A68D7F8F4308F
:109750001B691A43D7F8F4305B691A43D7F8F43021
:10976000DB691343C7F8F830D7F8F4301B68DB68BF
:1097700023F4164121F00C01D7F8F4301A68D7F819
:10978000F8300B43D360D7F8F4301B685B6923F4DF
:109790004070D7F8F4309969D7F8F4301A6840EA85
:1097A00001035361D7F8F4301A688F4B9A4205D001
:1097B000D7F8F4301A688D4B9A4204D1FDF736FD84
:1097C000C7F8FC0003E0FDF71DFDC7F8FC00D7F863
:1097D000F430DB69B3F5004F40F00C81D7F8FC3072
:1097E0000022C7F8E830C7F8EC20D7E93A4522460E
:1097F0002B469118B9655B41FB65D7E916232146D5
:1098000012EB0108294643EB01094FF000024FF02B
:1098100000034FEAC90343EA58734FEAC80290466F
:109820009946234618EB0303C7F8E0302B4649EB73
:109830000303C7F8E430D7F8F4305B680022C7F8B8
:10984000D830C7F8DC20D7E936120B46DB183B6569
:10985000134642EB03037B65D7E91423D7E93801AC
:10986000F7F712FA02460B46614BA3FB02235B0992
:109870001C01D7F8FC300022C7F8D030C7F8D4203C
:10988000D7E9348942464B469118B9645B41FB6481
:10989000D7E91223414612EB010A494643EB010B7B
:1098A0004FF000024FF000034FEACB0343EA5A7334
:1098B0004FEACA0292469B4643461AEB0303C7F897
:1098C000C8304B464BEB0303C7F8CC30D7F8F43025
:1098D0005B680022C7F8C030C7F8C420D7E930124F
:1098E0000B46DB183B64134642EB03037B64D7E96A
:1098F0001023D7E93201F7F7C7F902460B461146A4
:109900003B4BA3FB01235B09642202FB03F3CB1A4D
:10991000DB0003F13202364BA3FB02235B095B0041
:1099200003F4F8731C44D7F8FC300022C7F8B830B1
:10993000C7F8BC20D7E92E8942464B469118B96337
:109940005B41FB63D7E90E23414651183963494611
:109950004B417B634FF000024FF00003D7E90CABA3
:109960005946CB00514643EA51735146CA0010464E
:109970001946034642469B18C7F8B0304B460A4684
:1099800042EB0303C7F8B430D7F8F4305B68002229
:10999000C7F8A830C7F8AC20D7E92A120B46DB1865
:1099A000BB62134642EB0303FB62D7E90A23D7E904
:1099B0002C01F7F769F902460B460D4BA3FB021386
:1099C0005B09642101FB03F3D31ADB003233084A3D
:1099D000A2FB03235B0903F00702D7F8F4301B68EE
:1099E00022449A6005E100BF0010014000140140CC
:1099F0001F85EB51D7F8FC300022C7F8A030C7F81C
:109A0000A420D7E9288942464B46911839625B4128
:109A10007B62D7E9082341465418494643EB0105C8
:109A20004FF000024FF00003EB0043EA5473E200F2
:109A300014461D464346E318C7F898304B4645EB9D
:109A40000303C7F89C30D7F8F4305B680022C7F8EE
:109A50009030C7F894204FF000024FF00003D7E990
:109A6000244529468B00214643EA917321468A000A
:109A7000D7E92601F7F708F902460B46604BA3FB2E
:109A800002235B091C01D7F8FC300022C7F888309C
:109A9000C7F88C20D7E9228942464B469118B96114
:109AA0005B41FB61D7E906234146511839614946BC
:109AB0004B417B614FF000024FF00003D7E904AB4C
:109AC0005946CB00514643EA51735146CA001046ED
:109AD0001946034642469B18C7F880304B460A4653
:109AE00042EB0303C7F88430D7F8F4305B680022F8
:109AF000BB67FA674FF000024FF00003D7E91E89F9
:109B000049468B00414643EA917341468A00D7E9B2
:109B10002001F7F7B9F802460B46394BA3FB0213B5
:109B20005B09642101FB03F3D31A1B013233344A6E
:109B3000A2FB03235B0903F0F0031C44D7F8FC30BD
:109B400000223B677A67D7E91C8942464B46911849
:109B5000B9605B41FB60D7E9022341465118396087
:109B600049464B417B604FF000024FF00003D7E9BC
:109B700000AB5946CB00514643EA51735146CA00E7
:109B800010461946034642469B18BB664B460A469A
:109B900042EB0303FB66D7F8F4305B6800223B66B8
:109BA0007A664FF000024FF00003D7E91889494662
:109BB0008B00414643EA917341468A00D7E91A0176
:109BC000F7F762F802460B460D4BA3FB02135B0945
:109BD000642101FB03F3D31A1B013233084AA2FBB1
:109BE00003235B0903F00F02D7F8F4301B6822440B
:109BF0009A6000BF07F58077BD46BDE8B08F00BF13
:109C00001F85EB51014B1868704700BF18010020F9
:109C100070B50D4D0D4C641BA4100026A64209D151
:109C20000B4D0C4C05F0AAF8641BA4100026A642AC
:109C300005D170BD55F8043B98470136EEE755F85D
:109C4000043B98470136F2E720F3000820F30008B0
:109C500020F3000824F300080A44914200F1FF3386
:109C600000D1704710B511F8014B03F8014F914234
:109C7000F9D110BD02440346934200D1704703F866
:109C8000011BF9E72DE9FF4755EC104B002D0E465F
:109C900019462B46BBBF05F100431D4600232D236B
:109CA0000B700D9BDDF830A0914623F02008BCBF5F
:109CB00022461446B8F1460F05D0B8F1450F00D141
:109CC0000136022100E0032103AB019302AB0093B4
:109CD00045EC104B5346324601F0AEFDB8F1470F4C
:109CE000074602D119F0010F22D0B8F1460F07EB59
:109CF000060910D13B78302B0AD1002200232046E0
:109D00002946F6F7E1FE18B9C6F10106CAF8006067
:109D1000DAF8003099440022002320462946F6F75D
:109D2000D3FE08B1CDF80C903022039B4B4507D3EE
:109D3000039B0E9ADB1B3846136004B0BDE8F08726
:109D4000591C03911A70F0E7F7B503460029B8BF14
:109D5000494203F8022BB4BF2D222B22092942705D
:109D60002ADD0DF10704A4460A27A6460A4691FB00
:109D7000F7F607FB16153035632A04F1FF340EF8A9
:109D8000015C3146F1DC3031AEF1020504F8011C12
:109D9000441C294661450AD30DF10902A2EB0E02CB
:109DA000654588BF00221344181A03B0F0BD11F8AE
:109DB000012B04F8012FEDE7302330318370C1709F
:109DC000031DF1E72DE9F04F2DED028B8DB00C4610
:109DD000DDF8608016461F46054602F08BFED0F87F
:109DE00000A05046F6F7F4F900230A932368059380
:109DF000D8F8003094F818B0073323F0070303F1C4
:109E00000802C8F80020D3E90023C4E91223D4E9EA
:109E1000128929F000430793CDF8188008EE100A44
:109E20009F4BDDE906014FF0FF32F6F77FFE88BB5E
:109E3000DDE906019A4B4FF0FF32F6F759FE48BBB9
:109E40000022002340464946F6F748FE10B12D2374
:109E500084F84330934B9448BBF1470F94BF984626
:109E6000804603232361059B23F0040222604FF008
:109E70000009009733460BAA2146284600F0D8F97E
:109E8000013040F090804FF0FF300DB0BDEC028B00
:109E9000BDE8F08F42464B4640464946F6F746FE3F
:109EA00040B14B46002BBCBF2D2384F843307F4884
:109EB0007F4BD1E763680BF0DF0206925A1C3FD15B
:109EC00006236360059B616843F48062002303936B
:109ED0000AABCDE901B309AB49EC108B00932260CA
:109EE0000DF123032846FFF7CDFE069B0999472B6A
:109EF000804608D1C81C02DB6368994241DDABF1A2
:109F0000020B5FFA8BFBBBF1650F20D801395A4673
:109F100004F150000991FFF717FF0A9A1318012A5C
:109F20008146236102DC2268D20701D50133236117
:109F30009DF82330002B9CD02D2384F8433098E7E4
:109F4000069A472ABED1002BBCD10123B9E7BBF149
:109F5000660F18D1002963680BDD216113B92268EF
:109F6000D00702D501330B442361A1654FF00009EE
:109F7000DEE713B92268D20701D50233F4E70123E3
:109F8000F2E74FF0670B0A9B994205DB23682161DA
:109F9000D807EAD54B1CE7E70029D4BFC1F102027C
:109FA00001221344E0E723685A0507D42369424697
:109FB00031462846B84701302CD164E7BBF1650F24
:109FC00040F2E080D4E9120100220023F6F77CFD84
:109FD000002834D0374A012331462846B84701309B
:109FE0003FF451AFDDE909239A4202DB2368D80729
:109FF00010D518EE103A524631462846B84701307F
:10A000003FF441AF4FF0000804F11A090A9B013BED
:10A01000434509DC23689B0700F10581E0680B9B41
:10A020009842B8BF184630E701234A4631462846D1
:10A03000B84701303FF427AF08F10108E6E7099B74
:10A04000002B39DC1B4A012331462846B847013032
:10A050003FF419AFDDE90923134302D12368D9077F
:10A06000D8D518EE103A524631462846B847013046
:10A070003FF409AF4FF0000904F11A0A099B5B4253
:10A080004B4501DC0A9B92E70123524631462846A4
:10A09000B84701303FF4F7AE09F10109EEE700BF20
:10A0A000FFFFEF7FCCED0008D0ED0008D8ED0008F1
:10A0B000D4ED0008DCED00080A9AA36D9A42A8BF0F
:10A0C0001A46002A914637DC4FF0000B29EAE9795D
:10A0D00004F11A02A36D0593A3EB09035B4533DC7E
:10A0E000DDE909239A423BDB2368DA0738D40A9B6F
:10A0F000059A09999A1AA3EB01099145A8BF9146BF
:10A10000B9F1000F35DC4FF0000829EAE97904F1D4
:10A110001A0ADDE909239B1AA3EB090343457FF7DC
:10A1200079AF0123524631462846B84701303FF403
:10A13000AAAE08F10108ECE713463146424628462C
:10A14000B8470130C0D19EE601233146284605922A
:10A15000B84701303FF497AE059A0BF1010BB9E710
:10A1600018EE103A524631462846B8470130BED163
:10A1700089E6059A4B46424431462846B8470130A5
:10A18000C1D180E60A9A012A01DCDB0738D5012318
:10A19000424631462846B84701303FF474AE18EEC7
:10A1A000103A524631462846B84701303FF46BAE6C
:10A1B000D4E9120100220023F6F786FCD8B90A9BE5
:10A1C00008F10102013B31462846B84701300ED163
:10A1D00059E60123524631462846B84701303FF43C
:10A1E00052AE08F101080A9B013B4345F1DC4B46A6
:10A1F00004F15002DCE64FF0000804F11A0AF2E71D
:10A2000001234246DFE701234A4631462846B84744
:10A2100001303FF438AE08F10108E3680B995B1A8E
:10A220004345F0DCFAE64FF0000804F11909F4E7C1
:10A230002DE9F047164699468A680B69DDF82080BB
:10A240009342B8BF1346336091F8432007460C464B
:10A250000AB1013333602368990642BF3368023381
:10A260003360256815F0060506D104F1190AE36884
:10A2700032689B1AAB4226DC94F84320131E2268F6
:10A2800018BF012392062BD404F1430249463846F5
:10A29000C04701301ED02368E568326803F006032A
:10A2A000042B08BFAD1AA36822690CBF25EAE57527
:10A2B00000259342C4BF9B1AED1800261A34B542FC
:10A2C0001AD1002008E00123524649463846C047CB
:10A2D000013003D14FF0FF30BDE8F0870135C6E70C
:10A2E000E1185A1C302081F84300224494F84510AC
:10A2F00082F843100233C7E7012322464946384615
:10A30000C0470130E6D00136D9E700002DE9FF470C
:10A310000F7E0C9D782F914680460C469A4601F19F
:10A32000430207D8622F0AD8002F00F0D880582F98
:10A3300000F0A38004F1420584F842703AE0A7F1EE
:10A340006303152BF6D801A151F823F0A5A300084B
:10A35000B9A3000835A3000835A3000835A30008F9
:10A3600035A30008B9A3000835A3000835A30008E9
:10A3700035A3000835A30008C5A40008E9A3000818
:10A38000A7A4000835A3000835A30008E7A4000827
:10A3900035A30008E9A3000835A3000835A3000889
:10A3A000AFA400082B681A1D1B682A6004F142053F
:10A3B00084F842300123A3E020682968060601F1F1
:10A3C00004030AD50E682B60002E03DA2D23764293
:10A3D00084F843305E480A2319E00E682B6010F0C1
:10A3E000400F18BF36B2EFE72B682068191D2960AF
:10A3F000010601D51E6802E04606FBD51E885448BA
:10A400006F2F0CBF08230A23002184F843106568CE
:10A41000A560002DA2BF216821F0040121600EB9C2
:10A42000002D4DD01546B6FBF3F103FB1167C75D58
:10A4300005F8017D3746BB420E46F4D9082B0BD1F7
:10A440002368DE0708D5236961689942DEBF30239F
:10A4500005F8013C05F1FF35521B2261CDF800A043
:10A460004B4603AA21464046FFF7E2FE01304CD19D
:10A470004FF0FF3004B0BDE8F087354881F84570F3
:10A480002968236851F8046B29601D0614D5DF077D
:10A4900044BF43F0200323601EB9236823F0200348
:10A4A00023601023B0E7236843F020032360782360
:10A4B000284884F84530E3E7590648BFB6B2E6E7D6
:10A4C0001546BBE72B6826686169181D28603506AC
:10A4D0001B6801D5196002E07006FBD519800023C6
:10A4E00023611546BAE72B681A1D2A601D68626849
:10A4F00000212846F5F774FE08B1401B60606368D0
:10A500002361002384F84330A8E723692A4649469B
:10A510004046D0470130ABD023689B0713D4E06896
:10A52000039B9842B8BF1846A4E701233246494628
:10A530004046D04701309BD00135E36803995B1A50
:10A54000AB42F2DCEBE7002504F11906F5E700BFAA
:10A55000DEED0008EFED00082DE9F04F87B017465B
:10A5600003938B685A1EB2F5AE7F83BF6FF4AE754E
:10A570005B190293002386BF40F25D138B60029348
:10A580000B688B46002543F4F0634BF81C3BCDE988
:10A59000045580460C465E46AA46A9460195A26827
:10A5A00052B13B681B784E2B64D8402B3CD8A3F1AA
:10A5B0002B01C8B20E283AD9B9F1000F03D0236895
:10A5C00023F4807323600AF1FF3ABAF1010F00F21D
:10A5D00013815E4500F205810125284607B0BDE8DC
:10A5E000F08FA3F161020D2AE6D801A151F822F003
:10A5F0002FA70008B9A50008B9A50008B9A500084B
:10A600008FA7000867A70008B9A50008B9A500082A
:10A610003DA70008B9A50008B9A50008B9A500081C
:10A62000B9A50008F5A60008A3F14102DBE70E2951
:10A63000C2D801A050F821F0E7A60008B9A500088B
:10A64000E7A600087BA70008B9A5000895A60008A2
:10A65000D1A60008D1A60008D1A60008D1A60008FE
:10A66000D1A60008D1A60008D1A60008D1A60008EE
:10A67000D1A600086E2B09D8602BB2D8542B77D006
:10A68000592B99D1072D97D1082529E0742B6FD02C
:10A69000792BF6E72168C8051AD5029B21F08001C5
:10A6A000216009F101091BB1013B01320293A26053
:10A6B000A368013BA3602369013323617B68013BED
:10A6C000002B7B6040F384803B6801333B6066E78E
:10A6D0001AEB050F7FF470AF226822F4C07222607B
:10A6E00006F8013BE4E7226810067FF565AF22F02B
:10A6F0008002F4E7BAF1000F0ED1B9F1000F0ED1CC
:10A70000226802F4E061B1F5E06F08D122F4F06252
:10A7100022604FF0010AE3E7BAF1020F55D0012D94
:10A7200002D0042D7FF448AF0135EDB2D8E7BAF17D
:10A73000010F7FF441AF4FF0020AD1E77DB9B9F1C3
:10A74000000F7FF43CAF226802F4E061B1F5E06FE6
:10A750007FF439AF22F4F06222600125C0E7032DB7
:10A76000E2D0052DDEE7022D7FF426AF0325B7E703
:10A77000062D7FF421AF0725B2E7226891057FF50A
:10A780001BAF22F420722260CDF80490A8E7226863
:10A7900002F4A061B1F5806F06D050057FF50CAFD3
:10A7A000B9F1000F3FF40FAF910558BF019922F4A2
:10A7B000F06258BFA9EB010142F4C07258BFCDE965
:10A7C000041622604FF000098AE74FF0030A87E77A
:10A7D000D4F8803139464046984700283FF4DFAE30
:10A7E000EAE6D4F87C3116F8011D3A46404698470F
:10A7F0002369013B2361ECE66B1E062B25D8022D55
:10A8000036D85E457FF6E8AED4F87C3116F8011DE7
:10A810003A46404698472369013B2361F1E7029895
:10A82000D4F87C3110F8011D02903A464046984712
:10A830002369013B23610AF1FF3A5FFA8AFABAF110
:10A84000020FECD1033DEDB2761B2368DA052FD55C
:10A850005B0510D55E457FF6BFAED4F87C3116F8A7
:10A86000011D3A46404698472369013B2361F1E7C1
:10A87000AA460296DFE716F8011C2369652903F151
:10A88000FF3306F1FF3523610CD045290AD0D4F8F7
:10A890007C313A4640469847236916F8021C013B32
:10A8A000B51E2361D4F87C313A46404698472E467F
:10A8B000256815F0100559D13570236803F4C0637D
:10A8C000B3F5806F1BD1019B4B45A3EB090223D14C
:10A8D00000225946404600F099FE2268039B12F080
:10A8E000020F57EC106B1B6821D003991A1D0A60E8
:10A8F0001B68C3E90067E3680133E3606DE6049B0E
:10A90000002BE5D005990A232A460131404600F084
:10A9100005FF049B059EC21A04F26F139E4228BFD6
:10A9200004F5B7761249304600F02CF8D0E70399C9
:10A9300012F0040F03F104020A60D9D1D3F80080A9
:10A9400010EE102A10EE100A3B463946F6F7EEF8E4
:10A9500028B1084800F010F888ED000ACBE730462F
:10A960003946F6F741F9C8F80000C4E7002534E697
:10A9700000EE000808F200089FED010A704700BFD2
:10A980000000C07F0EB400B59CB01DAB02900690D5
:10A990006FF00041094807910491094953F8042BCD
:10A9A00005910068019302A902F0D6FE029B0022E5
:10A9B0001A701CB05DF804EB03B07047180100205A
:10A9C0000802FFFF70B504460D4645EC104B1646D5
:10A9D00002F020FC51EC100B7EB1C5F30A53C3F119
:10A9E0006B03002B09DD1B0503F17F55002405F5E2
:10A9F000401522462B46F5F7FFFD70BD0000000014
:10AA00002DE9F04F2DED028B9DB01F4600231893CA
:10AA1000A24B13921B680593044618468846F5F727
:10AA2000D7FB4FF0000A05464FF0000BCDF85C80D5
:10AA3000179B1A782B2A4ED03BD80D2A34D8082AD7
:10AA400034D8002A3ED000230A93179E3378302B47
:10AA500040F0B080737803F0DF03582B68D10A9B75
:10AA6000019318AB029700938D4A19AB17A92046A2
:10AA700001F038FD10F00707054605D0062F2CD150
:10AA80000136002317960A93139B002B40F0908504
:10AA90000A9BEBB152460BF1004343EC102B1DB067
:10AAA000BDEC028BBDE8F08F202ACCD10133179387
:10AAB000BEE72D2AC7D101220A925A1C17925B7851
:10AAC000002BC2D1139BCDF85C80002B40F06E852B
:10AAD00052465B46E1E70022EEE7189A3AB135218B
:10AAE0001AA802F0A2FC1899204602F061F8013F72
:10AAF000042F06D8DFE807F00A0314170A00DDE97F
:10AB00001AAB2807C0D54BF0004BBDE7DDE91AA30F
:10AB1000199A23F4801302F2334243EA025BF0E70E
:10AB2000DFF880B1EDE76FF0004B4FF0FF3AE8E758
:10AB3000179B5A1C17925B78302BF9D0002BA3D0AF
:10AB400001234FF000090493179B0893CDF81C9044
:10AB50004F460A2217980678A6F13003D9B2092980
:10AB60002AD905992A4602F00FFF98B300203246F1
:10AB70003D4605900346652A01D0452A18D11DB9E6
:10AB8000049A02439ED00025DDF85C8008F10102A2
:10AB9000179298F801202B2A75D02D2A7BD04FF0E0
:10ABA000000CA2F13001092940F28280CDF85C80CE
:10ABB00000269DE00023C4E7082FD8BF079900F1C5
:10ABC0000100DABF02FB0133079302FB09390137A9
:10ABD0001790BFE7179B5A1917925A5D002F37D06D
:10ABE00005903D46A2F13003092B12D90123C2E79B
:10ABF000179B5A1C17925A780130302AF8D0A2F1CC
:10AC00003103082B00F2D984179B0590002008938C
:10AC10000546303A00F1010314D005991944059115
:10AC20002B4600EB050E0A21734513D12B18082B78
:10AC300005F1010505441CDC07990A2303FB0123E8
:10AC400007930023179A511C179152781846C9E7A9
:10AC50003846D2E7082B04DC079E4E4307960133A3
:10AC6000E2E703F1010CBCF1100FD8BF01FB09F9B9
:10AC7000F5E7102DDCBF0A2303FB0929E1E70023D8
:10AC8000059301237CE74FF0000C08F102021792B4
:10AC900098F8022085E74FF0010CF6E750F0000825
:10ACA00008EE00080000F07F179A511C17915278A7
:10ACB000302AF9D0A2F1310108293FF679AFA2F18B
:10ACC000300E179A0692179A511C17915278A2F1DA
:10ACD0003006092E37D9069E891B082944F61F66BF
:10ACE00002DC7645A8BF7646BCF1000F00D0764264
:10ACF000002D4DD1049901437FF4C6AE002B7FF4A3
:10AD0000E1AE692A27D024DC492A24D04E2A7FF4D8
:10AD1000D9AE9F4917A801F03DFE00283FF4D2AEFE
:10AD2000179B1B78282B2DD19A491AAA17A801F036
:10AD300045FE052826D11B9BDDF868A043F0FF4B9C
:10AD40004BF4E00BA0E60A2101FB0E2EAEF1300E13
:10AD5000B9E76E2ADBE7904917A801F01BFE00282F
:10AD60003FF4B0AE179B8D49013B17A8179301F034
:10AD700011FE10B9179B01331793DFF830B24FF073
:10AD8000000A81E6864802F0E7FD5BEC10AB7BE64B
:10AD9000059B0798F31A002F08BF2F46102D069326
:10ADA000A846A8BF4FF01008F5F7ACFB092D824666
:10ADB0008B4613DD7B4B03EBC80353E91223F5F7F6
:10ADC0001BFC824648468B46F5F79CFB02460B4629
:10ADD00050465946F5F75AFA82468B460F2D38DC15
:10ADE000069B002B3FF450AE24DD162B0BDC6D4987
:10ADF00001EBC301D1E9000152465B46F5F7FCFBCC
:10AE000082468B4640E6069AC5F12503934220DB35
:10AE1000644CC5F10F0504EBC50152465B46D1E910
:10AE20000001F5F7E9FB069B5D1B04EBC504D4E9C3
:10AE30000023E3E7069B16330BDB059B9E1B594B58
:10AE400003EBC606D6E9002350465946F5F7FEFC4B
:10AE5000D6E7069BA5EB08089844B8F1000F74DD0F
:10AE600018F00F030AD04F4901EBC30152465B466D
:10AE7000D1E90001F5F7C0FB82468B4638F00F0898
:10AE80004FD0B8F59A7F22DD00252E46079505950F
:10AE90002223DFF818B123604FF0000A079B002B34
:10AEA0003FF4F2AD1899204601F082FE0599204644
:10AEB00001F07EFE3146204601F07AFE07992046D9
:10AEC00001F076FE2946204601F072FEDCE5364BA5
:10AED000049300234FEA2818504659469946B8F182
:10AEE000010F21DC0BB182468B462F4BABF1547B1B
:10AEF00003EBC90952465B46D9E90001F5F77CFB33
:10AF00002A4B0A460B402A498B428246BCD8A1F5FF
:10AF100080118B4286BFDFF89CB04FF0FF3A02F100
:10AF2000547B0023049384E018F0010F05D0049BA8
:10AF3000D3E90023F5F760FB0123049A083209F1F5
:10AF400001094FEA68080492C9E7EAD0C8F100088D
:10AF500018F00F020AD0134B03EBC20350465946B8
:10AF6000D3E90023F5F772FC82468B465FEA281886
:10AF7000D7D0B8F11F0F1FDD00252E460795059588
:10AF800022234FF0000A4FF0000B236086E700BF3A
:10AF9000D9ED00081CEE0008D1ED00085CEF0008B8
:10AFA00008F20008E8F00008C0F000080000F07F98
:10AFB0000000A07CFFFFEF7F18F0100318BF6A238A
:10AFC000DFF8AC93049350465946002318F0010F64
:10AFD00004D0D9E90023F5F70FFB01235FEA6808E5
:10AFE00009F10809F2D10BB182468B46049BC3B12B
:10AFF000CBF30A52C2F16B03002B594611DD1F2B14
:10B0000040F32481342BDEBFC2F14B024FF0FF33FB
:10B0100003FA02F24FF0000ACCBF4FF05C7B02EA69
:10B02000010B0022002350465946F5F74DFD00283C
:10B03000A2D1079B009308992B463A46204601F07F
:10B040001FFE079000283FF41FAF059B9E1B069B29
:10B05000002BB4BF334600230C93069B002523EA44
:10B06000E37312932E46079B2046596801F060FD5A
:10B07000059000283FF40CAF079B1A69023203F1D8
:10B080000C0192000C30FEF7E7FD4BEC10AB1AAA56
:10B0900019A9204602F03AF94BEC18AB1890002899
:10B0A0003FF4F6AE0121204601F084FE064600285A
:10B0B0003FF4EEAE199B0499002BABBF0C9A129A89
:10B0C000129FDDF83090ACBF03EB0209D71A1A9A31
:10B0D000A3EB01089044A14B08F1FF389845C2F159
:10B0E000360280F2C780A3EB08031F2BA2EB0302FA
:10B0F0004FF0010100F3B18001FA03F30D93002337
:10B10000089309EB0208049BC14517441F444B46B2
:10B11000A8BF4346BB42A8BF3B46002BC2BFA8EB1B
:10B120000308FF1AA9EB03090C9B002B17DD31461E
:10B130001A46204601F0FEFE064600283FF4A8AE5F
:10B140000146189A204601F04BFE0B9000283FF470
:10B150009FAE1899204601F02BFD0B9B1893B8F178
:10B16000000F00F38C80069B002B08DD129A0599D6
:10B17000204601F0DFFE059000283FF489AE002F45
:10B1800008DD05993A46204601F02EFF059000287B
:10B190003FF47EAEB9F1000F08DD31464A46204645
:10B1A00001F022FF064600283FF472AE059A189976
:10B1B000204601F0A5FF054600283FF469AEC368AC
:10B1C0000B930023C360314601F07EFF002860DA54
:10B1D0000B9B53EA0A0340F08280CBF31303002B4E
:10B1E0007DD12BF000431B0D1B05B3F1D66F76D933
:10B1F0006B6913B92B69012B71DD294601222046A9
:10B2000001F0F2FE3146054601F05EFF002866DDE2
:10B210000499534A5B46002900F0818002EA0B0141
:10B22000B1F1D66F7BDCB1F15C7F7FF7A9AE4D4BFE
:10B23000504659460022F5F7DFF90B46034308BF95
:10B24000222382468B4608BF23602BE64FF0FF3255
:10B2500002FA03F303EA0A0AE3E6C8F17F4808F5B5
:10B260007F0808F57B4808F1E20801FA08F3089323
:10B270000D9146E70023089301230D9341E71899A8
:10B280004246204601F0B0FE189000287FF46BAFD4
:10B29000FEE55F466ED10B9ACBF3130342B3324AFD
:10B2A000934228D1049B5146EBB12D4B3B40B3F167
:10B2B000D46F4FF0FF3219D81B0DC3F16B0302FAA4
:10B2C00003F3994217D1294B9F4202D101313FF438
:10B2D000DFAD234B3B4003F5801B4FF0000A049B7E
:10B2E000002BA4D1DEE54FF0FF33EAE71346E8E791
:10B2F00053EA0A038CD0089BDBB13B42EFD00B9B97
:10B30000049A50465946C3B1FFF75CFB02460B4610
:10B3100051EC180BF4F7BAFF82468B46DFE7134077
:10B32000A3F580136FEA135B6FEA0B5B4FF0FF3AF4
:10B33000D5E70D9B13EA0A0FE0E7FFF743FB024650
:10B340000B4651EC180BF4F79FFF002200238246B6
:10B350008B46F5F7B9FB0028C1D011E602FCFFFFD0
:10B360000000F07F00005039FFFF0F00FFFFEF7F6C
:10B3700030EE00083146284602F024F859EC108BD4
:10B3800010EE100A00224FF080434946F5F7B0FB5B
:10B3900000287AD00B9B002B4AD0954B0022CDE998
:10B3A0000823DFF84C924FF00008924B3B400D937E
:10B3B0000D9A914B9A4240F0B080DDE90801A7F167
:10B3C000547B4BEC10ABCDE9080101F023FFDDE924
:10B3D000080153EC102BF5F70FF952465B46F4F7D2
:10B3E00055FF0B468349854A19409142824660D9F0
:10B3F00018EE903A02F15472934204D118EE103ACA
:10B4000001333FF445ADDFF800B24FF0FF3A189931
:10B41000204601F0CDFB0599204601F0C9FB3146DD
:10B42000204601F0C5FB2946204601F0C1FB1AE683
:10B43000BAF1000F1BD1CBF31303F3B96C4B00220D
:10B4400040464946F5F74AFBD0B9404649466C4B61
:10B450000022F5F7D1F88046894609F10043CDF87E
:10B4600050801593DDE91423CDE908239DE7BAF157
:10B47000010F02D1002F3FF483AD624B00228EE713
:10B48000DFF87C914FF00008E7E75D4B4046494606
:10B490000022F5F7B1F80B9B8046894633B901F1DC
:10B4A00000430E900F93DDE90E23DDE7CDE90E8911
:10B4B000F9E703F1547B049B002BA8D12BF0004348
:10B4C0000D9A1B0D1B059A42A1D140464946F5F73E
:10B4D000F3FBF5F763F802460B4640464946F4F79E
:10B4E000D3FE0B9ACBF3130343EA0A0313438046BC
:10B4F000894655D036A3D3E90023F5F7EFFA0028A3
:10B500007FF4D0AC34A3D3E9002340464946F5F795
:10B5100003FB00283FF47BAFC4E4049B33B30D9BD3
:10B52000B3F1D46F22D82EA3D3E900234046494675
:10B53000F5F7DEFAA0B149464046F5F735FB01289C
:10B5400038BF0120F4F7DEFF0B9B8046894623BB02
:10B5500001F1004310901193DDE91023CDE9082398
:10B56000099B0D9A03F1D6639B1A0993DDE9080143
:10B57000B0EE480AF0EE680ACDE9080101F04AFE93
:10B58000DDE9080153EC102BF5F736F853EC182BD6
:10B59000F4F77CFE82468B468DE7CDE91089DBE728
:10B5A00011A3D3E90023F5F799FAB2E700230A9330
:10B5B000139A179B1360FFF76BBA652A3FF45FABD2
:10B5C000452A3FF45CAB0123FFF794BBAFF3008047
:10B5D0009535A094FFFFDF3F35E5AF350000E03F34
:10B5E0000000C0FFFFFFDF419535A094FFFFCF3F74
:10B5F0000000F03F0000F07F0000E07FFFFF9F7C35
:10B600000000E03F0000F0BFFFFFEF7F014BFFF7BE
:10B61000F7B900BF80010020012B2DE9F04701D0D0
:10B62000242B06D9FEF7EEFA162303600020BDE8AE
:10B63000F087DFF8E4C00D462E4615F8014B14F8EC
:10B640000C7017F00807F7D12D2C32D12C78012778
:10B65000B51C002B5BD0102B09D1302C07D12C78D6
:10B6600004F0DF04582C4DD16C781023023507F11B
:10B67000004808F1FF384FF0000CB8FBF3F96646BC
:10B6800003FB198AA4F1300EBEF1090F16D87446D7
:10B69000A34224DDBCF1000F1EDBB1451CD301D158
:10B6A000A24519DB06FB03464FF0010C15F8014BD0
:10B6B000E8E72B2C04BF2C78B51CCAE7A4F1410E97
:10B6C000BEF1190F01D8373CE2E7A4F1610EBEF1DB
:10B6D000190F04D8573CDBE74FF0FF3CE6E7BCF11D
:10B6E000000F05DA22230360464642B930469EE742
:10B6F00007B17642002AF9D0BCF1000F00D0691ED4
:10B700001160F3E73024002BB1D10823AFE7302CD0
:10B71000A5D00A23ABE700BF59EE0008FFF77CBFB6
:10B720002DE9F74F03690C69A3420746C0F28180F7
:10B73000013C01F1140800F1140505EB84030193A9
:10B7400058F8243055F8242001339A424FEA840BEC
:10B7500008EB8409B2FBF3F631D34FF0000E4046FC
:10B76000AC46F24650F8042B93B206FB03E34FEAD3
:10B77000134E9BB2AAEB0303DCF800A0120C13FAE1
:10B780008AF306FB02E20093009B4FEA124E92B24C
:10B79000C2EB1A4202EB2342BDF80030814543EA76
:10B7A00002434CF8043B4FEA224ADBD255F80B30F7
:10B7B0002BB9019B043B9D421A462ED33C6138466F
:10B7C00001F082FC002824DB013628464FF0000CF3
:10B7D00058F8042BD0F800E093B2ACEB0303120C42
:10B7E00013FA8EF3C2EB1E4202EB23429BB243EAF2
:10B7F0000243C14540F8043B4FEA224CE8D255F8D9
:10B80000242005EB840322B9043B9D421A460AD347
:10B810003C61304603B0BDE8F08F1268043B002A5B
:10B82000CCD1013CC7E71268043B002AF0D1013CAF
:10B83000EBE70020EEE700002DE9F04F2DED048B43
:10B8400057EC106B93B0456ADDF88080069110EEDE
:10B8500010AA044609920C93BB4675B9102001F05A
:10B860004DF90246606220B9A74BEA21A74802F0D1
:10B87000ADF8C0E901550560C560636A196851B14A
:10B880005A684A60012393408B60204601F090F98A
:10B89000636A00221A603B1EAABF002323F0004BFC
:10B8A000C8F800309A4BBCBF0122C8F8002033EA28
:10B8B0000B031BD10C9A42F20F731360CBF31303EB
:10B8C000334300F09285219B63B9924B22E0924B67
:10B8D00001930833219A1360019813B0BDEC048BD7
:10B8E000BDE8F08F8B4B01930333F3E70022002375
:10B8F00050465946F5F7E8F84BEC19AB804658B17D
:10B900000C9A01231360219B002B00F06B85834868
:10B910001860431E0193DFE74BEC10AB10AA11A98E
:10B92000204601F0F3FCCBF30A5508EE100A002D77
:10B9300000F0848019EE903AC3F3130343F07F576D
:10B94000564647F44017A5F2FF35CDF83880744BC2
:10B95000002230463946F4F797FC65A3D3E900236B
:10B96000F4F74AFE64A3D3E90023F4F78FFC0646FC
:10B9700028460F46F4F7D6FD61A3D3E90023F4F778
:10B980003BFE02460B4630463946F4F77FFC06463E
:10B990000F46F5F7E1F800220090002330463946C3
:10B9A000F5F79CF850B10098F4F7BCFD32463B46E1
:10B9B000F5F78AF810B9009B013B0093009B162B0A
:10B9C0005AD8009A574B03EBC203D3E9002351EC3A
:10B9D000190BF5F783F8002850D0009B013B00932A
:10B9E00000230B93109B5D1B6B1E059345BFC5F198
:10B9F00001030493002300234CBF05930493009B91
:10BA0000002B3DDB059B009A0A921344059300230B
:10BA10000793069B092B00F28980052BC4BF043BCA
:10BA20000693069BA3F10203CCBF00250125032B3F
:10BA300000F28780DFE803F02D3A3859DDE9105332
:10BA40001D4405F23243202BC1BFC3F1400305F270
:10BA500012400BFA03F326FA00F0DABFC3F1200319
:10BA600006FA03F01843F4F74DFD01230646A1F151
:10BA7000F877013D0E936AE70123B2E70B90B1E737
:10BA8000049B009A9B1A04935342079300230A9342
:10BA9000BFE700230893099B002B55DC0123CDE968
:10BAA00002331A4609920CE00123F3E70023099AB6
:10BAB0000893009B134402930133012B0393B8BFF7
:10BAC0000123606A00224260042202F114069E42B1
:10BAD00041683DD9204601F02BF8019000283BD168
:10BAE000114B02464FF4D571C0E60123DFE700BFDA
:10BAF00061436F63A787D23FB3C8608B288AC63F74
:10BB0000FB799F501344D33F66EF00087DEF000898
:10BB10000000F07F62EF000859EF0008DDED00083B
:10BB20000000F83FE8F00008D8EF000801250023E6
:10BB3000069308954FF0FF33CDE90233002212231C
:10BB4000B0E701230893F5E7099BCDE90233B8E795
:10BB5000013141605200B8E7636A019A1A60039BA1
:10BB60000E2B00F29D80002D00F09A80009B002B90
:10BB700032DDB74A03F00F0302EBC303D3E90089B8
:10BB8000009BD8054FEA231716D5B24B51EC190B81
:10BB9000D3E90823F4F75AFE07F00F0782468B46D5
:10BBA0000325AC4E57B942464B4650465946F4F72A
:10BBB0004DFE82468B4628E00225F2E7F90708D5BC
:10BBC00040464946D6E90023F4F716FD0135804684
:10BBD00089467F100836E5E700F09B80009B9D4F6B
:10BBE0005E429B4B06F00F0203EBC203D3E9002336
:10BBF00051EC190BF4F700FD361182468B460023F9
:10BC00000225002E7AD1002BD3D10B9B002B00F004
:10BC10008280914B002250465946F4F75FFF00287E
:10BC200079D0039B002B76D0029B002B36DD009B46
:10BC3000504659465F1E0022884BF4F7DDFC029EF9
:10BC400082468B4601352846F4F76CFC52465B462B
:10BC5000F4F7D2FC824B0022F4F718FBD046D94609
:10BC60008246A1F1507B002E58D17E4B00224046E7
:10BC70004946F4F709FB52465B4680468946F4F78D
:10BC80004BFF002840F0958252460BF1004340469E
:10BC90004946F4F723FF002840F089825BEC19AB9A
:10BCA000119B002BC0F24881009A0E2A00F34481B8
:10BCB000674B03EBC203D3E90089099B002B80F299
:10BCC000D580039B002B00F3D18040F06F82654B41
:10BCD000002240464946F4F78FFC52465B46F4F793
:10BCE00011FF039E3746002840F04582019D312315
:10BCF00005F8013B009B0133009340E2F20705D5B4
:10BD0000D7E90023F4F778FC0135012376100837D2
:10BD100077E7022579E7009F039E94E701994C4B52
:10BD200031440D91089903EBC60353E9022300291E
:10BD300043D04D490020F4F789FD52465B46F4F7A5
:10BD4000A3FA019D82468B4649464046F4F704FF1C
:10BD50000646F4F7E7FB02460B4640464946F4F731
:10BD600093FA303605F8016B52465B4680468946A9
:10BD7000F4F7B4FE002863D142464B463649002012
:10BD8000F4F782FA52465B46F4F7A8FE002840F02A
:10BD9000B5800D9B9D4281D0304B002250465946C4
:10BDA000F4F72AFC2D4B82468B464046494600223A
:10BDB000F4F722FC80468946C6E750465946F4F718
:10BDC0001BFC0D9B019D0F9382468B4649464046C6
:10BDD000F4F7C2FE0646F4F7A5FB303602460B46E2
:10BDE00040464946F4F750FA05F8016B0D9B9D4219
:10BDF000804689464FF0000224D11B4B50465946DD
:10BE0000F4F744FA02460B4640464946F4F784FEEE
:10BE1000002873D152465B4613490020F4F734FAE8
:10BE200002460B4640464946F4F758FE00283FF4C8
:10BE300035AF0F9D6B1E0F9315F8013C302BF8D0DA
:10BE4000009749E0054BF4F7D7FB80468946BDE7EC
:10BE5000E8F00008C0F000080000F03F00002440B7
:10BE600000001C40000014400000E03F019D5646C9
:10BE70005F4642464B4630463946F4F7E7FCF4F756
:10BE80006BFE8246F4F74EFB42464B46F4F7B4FB9A
:10BE900002460B46304639460AF13006F4F7F4F90B
:10BEA00005F8016B019E039FAE1BB74202460B468D
:10BEB00035D1F4F7EBF942464B4606460F46F4F708
:10BEC0002BFED0B942464B4630463946F4F7FCFDCE
:10BED00010B11AF0010F10D1204618EE101A00F020
:10BEE00067FE002300982B700C9B01301860219B8B
:10BEF000002B3FF4F1AC1D60EEE4009F2B461D4685
:10BF000013F8012D392A06D1019A9A42F7D10199E5
:10BF1000302201370A701A7801321A7090E7A64B66
:10BF20000022F4F769FB0022002306460F46F4F7CF
:10BF3000CBFD00289DD0CFE7089A002A00F0D780DB
:10BF4000069A012A00F3BA800E9A002A00F0B28005
:10BF500003F23343079E049D049A1A440492059AFF
:10BF600001211A442046059200F024FF0746002DC7
:10BF70000CDD059B002B09DDAB42049AA8BF2B46C4
:10BF8000D21A0492059AED1AD31A0593079B1BB394
:10BF9000089B002B00F0AF80002E13DD394632469F
:10BFA000204600F0C7FF18EE102A0146074620463B
:10BFB00000F016FF18EE101A8046204600F0F8FD3B
:10BFC00008EE108A079B9A1B06D018EE101A20461E
:10BFD00000F0B0FF08EE100A0121204600F0EAFE52
:10BFE0000A9B002B064640F388801A4601462046ED
:10BFF00000F0A0FF069B012B064640F381804FF026
:10C000000008336906EB8303186900F083FEC0F172
:10C010002000059B184410F01F0000F09280C0F132
:10C020002003042B40F38A80C0F11C00049B0344CE
:10C030000493059B034405440593049B002B07DDF3
:10C0400018EE101A1A46204600F0CEFF08EE100A2D
:10C05000059B002B05DD31461A46204600F0C4FF43
:10C0600006460B9B002B6ED018EE100A314601F0ED
:10C070002BF8002867DA009B013B18EE101A00939A
:10C080000A220023204600F0B5FD089B08EE100AA6
:10C09000002B00F0B181002339460A22204600F02F
:10C0A000A9FD029B002B074600F38E80069B022B06
:10C0B00051DC89E0109BC3F136034BE7039B5E1E06
:10C0C000079BB342BFBF079B0796F21A0A9BB6BFF6
:10C0D0009B189E1B0A93039BB8BF0026002BB7BF7B
:10C0E000DDE90323DDE903359D1A002334E7079ECC
:10C0F000049D089F3BE7079A67E7069B012B18DC26
:10C10000BAF1000F15D1CBF3130393B92BF0004311
:10C110001B0D1B0583B1049B01330493059B013365
:10C1200005934FF001080A9B002B7FF46AAF0120B2
:10C130006FE74FF00008F6E79846F4E73FF47DAF6D
:10C1400018461C3072E7039B002B37DC069B022B42
:10C1500034DD039B0293029B6BB9314605222046D6
:10C1600000F048FD0146064618EE100A00F0ACFF4C
:10C1700000283FF7BBAD099B019DDB4300934FF0C7
:10C1800000083146204600F013FD002F3FF4A4AE16
:10C19000B8F1000F05D0B84503D04146204600F065
:10C1A00007FD3946204600F003FD95E60026374698
:10C1B000E1E70097374699E500002440089B002BF3
:10C1C00000F0CA80039B0293002D05DD39462A4604
:10C1D000204600F009FF0746B8F1000F5BD07968F0
:10C1E000204600F0A5FC054628B9874B024640F2E0
:10C1F000EA21FFF73BBB3A690232920007F10C01DA
:10C200000C30FDF729FD01222946204600F0ECFE06
:10C21000019B03F10109DDE90123134405930AF0B1
:10C220000103B84604930746314618EE100AFFF79B
:10C2300077FA4146029000F1300A18EE100A00F039
:10C2400043FF3A4603903146204600F059FFC2684A
:10C2500009F1FF3B054602BB014618EE100A00F04B
:10C2600033FF024629462046079200F0A1FCDDE993
:10C27000063243EA0201049B0B434D460FD1BAF14B
:10C28000390F2AD0039B002B02DD029B03F1310AF8
:10C290008BF800A075E73846BAE70122E2E7039B76
:10C2A000002B04DB06990B4304990B4322D1002A8F
:10C2B000EEDD18EE101A0122204600F095FE314600
:10C2C00008EE100A00F000FF002803DCE0D11AF0AD
:10C2D000010FDDD0BAF1390FD7D139238BF80030F7
:10C2E0002B461D46013B15F8012C392A71D001322D
:10C2F0001A7046E7002A07DDBAF1390FEDD00AF1CE
:10C3000001038BF800303CE7059B09F801AC994527
:10C3100047D018EE101A00230A22204600F06AFCCB
:10C32000B84508EE100A4FF000034FF00A024146EC
:10C33000204606D100F05EFC8046074609F101095F
:10C3400072E700F057FC3946804600230A22204657
:10C3500000F050FC0746F1E7039B0293019D18EEA5
:10C36000100A3146FFF7DCF900F1300A019B05F8AD
:10C3700001ABEA1A029B934209DD18EE101A002362
:10C380000A22204600F036FC08EE100AE7E7029B7E
:10C39000002BC8BF1D46019BD8BF01251D444FF08F
:10C3A000000818EE101A0122204600F01DFE31464A
:10C3B00008EE100A00F088FE002891DC02D11AF085
:10C3C000010F8DD12B461D4613F8012D302AFAD0CE
:10C3D000D7E6019A9A4284D1009B0133009331231E
:10C3E0001370CEE6094BFFF795BA219B002B7FF423
:10C3F0006EAA074BFFF78EBA029B002BAEDC069BA2
:10C40000022B3FF7A8AEA9E7D8EF0008DCED000843
:10C4100059EF00080369B3EB611F2DE9F0434FEAC0
:10C42000611200F1140445DD11F01F0104EB8306D5
:10C4300004EB82050CD100F110072946B14234D338
:10C440009B1A9B00EA1E964238BF0023234415E046
:10C4500054F82270C1F12008CF4005F1040EA14626
:10C460007645F44615D89A1A9200043A0135AE4240
:10C4700038BF0022A318A75007B104331A1BA342E8
:10C480004FEAA20208BF0023026108BF4361BDE872
:10C49000F083DCF800C00CFA08FC4CEA070749F806
:10C4A000047B5EF8047BCF40DAE751F804CB47F811
:10C4B00004CFC3E72346E1E7A0F13003092B02D8FC
:10C4C0002038C0B27047A0F16103052B01D847386E
:10C4D000F7E7A0F14103052B01D82738F1E7002049
:10C4E000704700002DE9F04F2DED028B89B008EE6A
:10C4F000100A0493B44B1B68019318468B46904670
:10C50000F3F766FE019BDBF800200344824613F834
:10C51000013C0593931CC2F1FF2202F57F02FE321B
:10C52000D1181F4613F8010B00913028F8D0FFF7FF
:10C53000C3FF044600283AD101995246384601F01B
:10C5400023FA0546002868D117F80A0007EB0A0607
:10C55000FFF7B2FF002862D03346187830281F4614
:10C5600003F10103F9D0FFF7A7FF0123B0FA80F42C
:10C570006409354600933A46164601323078FFF793
:10C580009BFF0028F8D101995246304601F0FCF992
:10C5900080B94DB906EB0A052A46164601323078B5
:10C5A000FFF78AFF0028F8D1AD1BAD0004E000249E
:10C5B0002546E0E7002DF7D1337803F0DF03502B59
:10C5C0003BD173782B2B2CD02D2B2ED0711C4FF000
:10C5D00000090878FFF770FF431EDBB2182B2CD838
:10C5E000A0F1100211F8010FFFF766FF431EDBB246
:10C5F000182B1DD9B9F1000F00D052421544CBF8C9
:10C600000010E4B1009B002B14BF0027062738461A
:10C6100009B0BDEC028BBDE8F08F3E4625460124F3
:10C62000CAE74FF00009B11CD3E74FF00109FAE760
:10C630000A2303FB0202103AD4E73146DFE7F31B7B
:10C64000013B2146072B0BDC18EE100A00F070FAB4
:10C65000044640B95D4B0246DE215D4801F0B6F963
:10C6600001315B10EEE700F114094FF0000BCAF145
:10C670000103CDF80890CDF800B00693B74240D33F
:10C680000298009B40F8043BA0EB09008010460193
:10C690002061184600F03EFB301AD8F80060B04226
:10C6A00063DD871B3946204600F0E2FE8246A8B1D2
:10C6B0007B1E591103F01F0259F821104FF0010A97
:10C6C0000AFA02F20A4209D0534505DDB91E204696
:10C6D00000F0CEFE002845D14FF0020A3946204630
:10C6E000FFF798FE3D44D8F80830AB424CDA18EE1C
:10C6F000100A214600F05CFA149A00231360A32765
:10C7000085E7731E059A039316F8013C934219D0EE
:10C71000BBF1200F07D1029B009A43F8042B029330
:10C72000002300939B4616F8010CFFF7C5FE009B03
:10C7300000F00F0000FA0BF0034300930BF1040B21
:10C74000039B0DE0039B069A1344BB42E0D31846BB
:10C7500001990793524601F017F9079B0028D7D19A
:10C760001E468BE74FF0030AB8E70ADA371A21466C
:10C7700018EE100A3A4600F037FCED1B044600F1B3
:10C7800014094FF0000AAEE7D8F80400A84272DDA1
:10C79000451BAE4236DCD8F80C30022B2AD0032BD6
:10C7A0002CD0012B1CD1AE421AD1012E12D1049AE9
:10C7B000D8F80430136001232361C9F80030149BBA
:10C7C00062271C6023E700BF50F00008D8EF000884
:10C7D000E9EF0008711E204600F04AFE0028E6D16D
:10C7E00018EE100A214600F0E3F9149A00231360B2
:10C7F00050270CE7159B002BF2D1D8E7159B002B97
:10C80000D5D1EDE76F1EBAF1000F31D127B139460E
:10C81000204600F02DFE82467B11012159F823307D
:10C8200007F01F0701FA07F71F422946204618BFE5
:10C830004AF0020A761BFFF7EDFDD8F804500227F4
:10C84000BAF1000F48D0D8F80C30022B15D0032BCA
:10C8500017D0012B09D11AF0020F06D0D9F8000029
:10C860004AEA000A1AF0010F0ED147F0100733E030
:10C870004FF0010AD0E70127E2E7159BC3F101035E
:10C880001593159B002BF0D0D4F810B004F11403CD
:10C890004FEA8B0A03EB8B014FF0000C184653F85C
:10C8A000042BB2F1FF3F1CD001320260022F04F1D1
:10C8B00014033FD1D8F80020013AB2420AD17111D5
:10C8C000012253F8213006F01F0602FA06F61E4236
:10C8D00018BF174647F02007149B1C60049B1D607F
:10C8E00095E6994243F804CCD8D8A3689B4519DB58
:10C8F000616818EE100A013100F01AF9814618B982
:10C900001A4B02468421A8E62269023204F10C0186
:10C9100092000C30FDF7A0F9214618EE100A00F045
:10C9200047F94C4623695A1C04EB83032261012218
:10C930005A61BBE722695A450BDD01212046FFF70A
:10C9400069FDD8F808300135AB42FFF6D0AE0127BB
:10C95000C0E716F01F06FAD05344C6F1200653F87C
:10C96000040C00F0D7F9B042E7DBF0E7D8EF00089D
:10C97000C2F10802920070B5C2F120064368046853
:10C9800003FA06F52C43D340046040F8043F884284
:10C99000F4D370BD30B50368013311F8014B14B9FD
:10C9A0000360012030BD13F8012BA2F14105192DC0
:10C9B00098BF2032A242F0D00020F3E72DE9F04FDB
:10C9C0000B685E1102EB860613F01F0387B018BFD9
:10C9D00004360025371F904602680193824646F8C8
:10C9E000045CB9463C460295AB465178531C039310
:10C9F00041B3084605920491FFF75EFD00284FD130
:10CA00000499059A202918D8029B9B4513DD4C45B3
:10CA100006D2072D04DC2A4649462046FFF7A8FF28
:10CA2000444550D90023A4F1040944F8043CCDF84E
:10CA300008B04C461D46039AD7E7292956D1023241
:10CA4000CAF80020BBF1000F50D04C4506D2072D8C
:10CA500004DC2A4649462046FFF78AFF444534D97C
:10CA6000A8F10402234653F8041B42F8041F9F4216
:10CA7000F9D23B1B23F0030304330134033EB442D9
:10CA800088BF04234344002243F8042B9F42FBD277
:10CA90003B681BB9474527D101233B60052026E0B1
:10CAA0000135082D0BF1010B06DD4445C3D90023E8
:10CAB00044F8043C0125043C226800F00F0040EAE1
:10CAC00002122260B7E70825B5E7019B002BDFD0F3
:10CAD0004FF0FF32C3F1200322FA03F356F8042C7F
:10CAE0001A4046F8042CD3E7043FD1E7042007B0EE
:10CAF000BDE8F08F0048704770020020024B0146ED
:10CB0000186800F059BD00BF1801002082B001B9BB
:10CB100001A942B14BB113780B601278101E18BFF7
:10CB2000012002B070471046FBE76FF00100F8E704
:10CB300070B5466A04460D4676B91020FFF7DEFF51
:10CB40000246606220B9184B1848662100F03EFF8B
:10CB5000C0E901660660C660666AF36883B1636A0D
:10CB6000DB6853F82500B8B9012101FA05F6721DFA
:10CB70009200204600F09DFC60B1C0E901560EE035
:10CB800021220421204600F094FC636AF060DB68F7
:10CB9000002BE4D1002070BD026843F8252000235B
:10CBA000C0E90333F7E700BF66EF000864F0000850
:10CBB00070B5466A05460C4676B91020FFF79EFF11
:10CBC0000246686220B9094B09488A2100F0FEFE3E
:10CBD000C0E901660660C6603CB16B6A6268DB68EA
:10CBE00053F82210216043F8224070BD66EF000820
:10CBF00064F000082DE9F0410D6907460C461E4619
:10CC000001F1140C0020DCF8003099B202FB016144
:10CC10001E0C0B0C02FB063389B2013001EB034101
:10CC200085424CF8041B4FEA1346ECDC0EB3A368B4
:10CC3000AB4219DC616838460131FFF779FF804665
:10CC400028B902460C4B0D48B52100F0BFFE226901
:10CC5000023204F10C0192000C30FCF7FDFF21467A
:10CC60003846FFF7A5FF444604EB850301355E61B6
:10CC700025612046BDE8F081D8EF000864F0000887
:10CC80002DE9F8430C4615461F460922083306468F
:10CC900093FBF2F3002101229A4209DB3046FFF7B1
:10CCA00047FF40B90246194B1948CE2100F08EFECD
:10CCB00052000131F0E7089B4361092D4FF0010359
:10CCC000036116DD04F10909C8462C4418F8013B3C
:10CCD0000146303B0A223046FFF78CFFA045F5D1D4
:10CCE000A5F108044C442D1B6319BB4204DBBDE8CD
:10CCF000F8830A340925F6E714F8013B0146303B76
:10CD00000A223046FFF776FFEEE700BFD8EF0008B3
:10CD100064F00008030C1B04D3B90004102310F0C6
:10CD20007F4F04BF0002083310F0704F04BF0001B2
:10CD3000043310F0404F04BF80000233002805DBAD
:10CD400010F0804F03F1010308BF202318467047FD
:10CD50000023E4E7036813F0070201460BD0DA076B
:10CD600023D4980749BF5B089B0801200B605CBF78
:10CD70000B600220704798B2A8B91B0C1020DAB2E1
:10CD80000AB908301B0A1A0704BF1B0904309A07A6
:10CD900004BF9B080230DA0703D45B0800F10100EE
:10CDA00005D00B6070471046E9E70020704720204F
:10CDB0007047000010B50C460121FFF7B9FE02468E
:10CDC00028B9054B05484FF4A07100F0FFFD012381
:10CDD0004461036110BD00BFD8EF000864F0000893
:10CDE0002DE9F04F91460A69D9F810309A42B8BF40
:10CDF0000B460C46BCBF4C4699462769D9F810A093
:10CE0000A368616807EB0A06B34285B0B8BF013179
:10CE1000FFF78EFE30B90246444B454840F25D11A3
:10CE200000F0D4FD00F1140505EB86082B46002226
:10CE3000434521D304F1140303EB870709F11403DD
:10CE400003EB8A0202923A1B153A22F003020432E3
:10CE500004F115018F4238BF04220192029A039314
:10CE60009A420CD8002E03DD58F8043D002B5AD00E
:10CE7000066105B0BDE8F08F43F8042BD8E7B3F89E
:10CE800000A0BAF1000F24D004F1140EA9464FF00F
:10CE9000000C5EF8042BD9F800101FFA82FB89B24F
:10CEA0000AFB0B114FEA124BD9F8002061444FEAFC
:10CEB000124C0AFB0BC202EB114289B241EA024159
:10CEC000774549F8041B4FEA124CE2D8019A45F81D
:10CED00002C0039AB2F802900433B9F1000F20D0D7
:10CEE000296804F1140CAE464FF0000ABCF800B0FB
:10CEF000BEF8022009FB0B22924489B241EA0A41A2
:10CF00004EF8041B5CF8042BBEF80010120C09FB51
:10CF1000021101EB1A4167454FEA114AE6D8019A1E
:10CF2000A95004359AE7013E9CE700BFD8EF0008FE
:10CF300064F000082DE9F843154612F00302064696
:10CF40000F4607D0254C013A002354F82220FFF762
:10CF500051FE0746AD103DD0746A7CB91020FFF732
:10CF6000CDFD0246706228B91D4B1E484FF4D771A3
:10CF700000F02CFDC0E901440460C460D6F82480B0
:10CF8000D8F808404CB940F271213046FFF712FF43
:10CF90000023C8F80800044603604FF00009EB07BF
:10CFA0000AD5394622463046FFF71AFF39468046F1
:10CFB0003046FFF7FDFD47466D100BD0206838B9AD
:10CFC000224621463046FFF70BFF2060C0F8009054
:10CFD0000446E4E73846BDE8F88300BFB0F1000836
:10CFE00066EF000864F000082DE9F0470C46496838
:10CFF000236903EB6218A368074691464FEA621A59
:10D0000008F10106B3420BDB3846FFF791FD0546F8
:10D0100048B902462A4B2B4840F2D91100F0D6FC01
:10D0200001315B00EEE7002300F1140100F1100272
:10D030001846534537DB20692AEAEA7A04F11403DB
:10D0400019F01F0901EB8A0103EB80002FD0C9F111
:10D05000200E8A464FF0000C1A6802FA09F242EAE2
:10D060000C024AF8042B53F8042B984222FA0EFCC7
:10D07000F2D8031B153B23F00303043304F115021C
:10D08000904238BF042341F803C0BCF1000F01D027
:10D0900008F10206013E38462E612146FFF788FD61
:10D0A0002846BDE8F08742F8040F0133C1E7043990
:10D0B00053F8042B41F8042F9842F9D8EAE700BF4F
:10D0C000D8EF000864F0000830B502690C69121B43
:10D0D0000ED100F11403143103EB840001EB840141
:10D0E00050F8045D51F8044DA54203D005D3012248
:10D0F000104630BD8342F3D3FAE74FF0FF32F7E733
:10D100002DE9F84F0C460646114620469046FFF79B
:10D11000DBFF051E10D129463046FFF709FD30B967
:10D120003A4B024640F23221394800F04FFC0123CD
:10D13000C0E90435BDE8F88FA4BF4346A046304699
:10D14000D8F80410A6BF1C4600250125FFF7F0FC07
:10D1500020B92E4B02464FF41071E5E7D8F8107055
:10D160002669C56004F1140908F1140500F1140ED4
:10D1700005EB870C09EB860608F11002F246002148
:10D1800059F8043B52F804BF1FFA83F811FA8BF1E7
:10D190001B0CA1EB0808C3EB1B4303EB28431FFA4E
:10D1A00088F819144E4548EA03434AF8043BE7D887
:10D1B000331B153B23F0030304331534A64238BF59
:10D1C00004231D4473449E462E4666450ED30CF13F
:10D1D0000302521B22F00302033DAC4538BF00227C
:10D1E0001A4452F8043D7BB10761A3E756F8048B5B
:10D1F00011FA88F2141404EB184492B242EA044281
:10D200004EF8042B2114E0E7013FEAE7D8EF0008CD
:10D2100064F0000882B08DED000B019B12491940AB
:10D22000A1F15071002905DD00220B4643EC102BC3
:10D2300002B070474942B1F1A07F4FEA21504FF050
:10D2400000024FF0000304DA4FF4002141FA00F32A
:10D25000ECE7A0F114011E29DABF4FF0004020FADC
:10D2600001F101210A46E1E70000F07FF8B5056908
:10D2700000F1140707EB85052E1F55F8044C2046D6
:10D28000FFF748FDC0F120030A28DFF87CC00B60DF
:10D2900014DCC0F10B0E24FA0EF1B74241EA0C0384
:10D2A00034BF55F8081C0021153004FA00F021FAAB
:10D2B0000EF140EA010243EC102BF8BDB7423ABF31
:10D2C00055F8081CA5F1080600210B3817D0C0F14D
:10D2D000200C04FA00F5BE4221FA0CF445EA0405DC
:10D2E0008CBF56F8044C002445F07F5301FA00F03F
:10D2F00024FA0CF443F4401340EA0402DBE744EA66
:10D300000C030A46D7E700BF0000F03F2DE9F743C2
:10D310008946012157EC106B9046FFF709FC044643
:10D3200030B90246254B264840F20A3100F04EFB48
:10D33000C7F30A55C7F3130335BB002E019328D05A
:10D3400068460096FFF706FD009900B3019AC0F108
:10D35000200302FA03F30B43C24063610192019B75
:10D36000A361002B14BF022201222261D5B1A5F2D4
:10D3700033450544C9F80050C0F13500C8F8000035
:10D38000204603B0BDE8F08343F48013D5E7616124
:10D39000E5E701A8FFF7DEFC019B63610122226142
:10D3A0002030E3E704EB8203A0F23240C9F800002A
:10D3B0001869FFF7AFFCC0EB4210DFE7D8EF0008B9
:10D3C00064F000082DE9F74F884669468146FFF76B
:10D3D0004DFF01A9404655EC104BFFF747FFD9F828
:10D3E0001030D8F81020A3EB020CDDE900329B1AB4
:10D3F00003EB4C1351EC100B002BD6BF0A462A4608
:10D40000C3EB03338B462F46D4BF02EB035B02EB27
:10D410000357204610EE102A5B463946F3F716FAFA
:10D4200041EC100B03B0BDE8F08F013970B5491124
:10D430001469013102F1140300EB810103EB840450
:10D44000051FA3420CD3A31A113B23F0030311328F
:10D45000A24288BF002318440023884205D370BD30
:10D4600053F8046B45F8046FEBE740F8043BF4E72E
:10D4700000F1140200694B11984210B511DB0ADD6E
:10D4800011F01F0107D052F8234024FA01F000FAEE
:10D4900001F18C420BD102EB8303934203D80020AD
:10D4A00010BD0346F7E753F8041D0029F5D001200D
:10D4B000F6E737B5A1FB02244CB91146019200F002
:10D4C0007BF8019A054630B9284603B030BD0C22DE
:10D4D00002600025F8E72146FCF7CCFBF4E70000EA
:10D4E00037B5002944D051F8043C0190002BA1F13C
:10D4F0000404B8BFE41800F0B3FA1E4A0198136898
:10D5000033B96360146003B0BDE8304000F0AEBAD8
:10D51000A34208D9256861198B4201BF19685B686D
:10D5200049192160EDE71A465B680BB1A342FAD9AD
:10D5300011685518A5420BD1246821445418A34200
:10D540001160E0D11C685B68536021441160DAE728
:10D5500002D90C230360D6E7256861198B4204BF0A
:10D5600019685B68636004BF491921605460CAE7A9
:10D5700003B030BDFC0D002070B50E4E0C46316876
:10D58000054611B900F0F0F930602146284600F058
:10D59000EBF9431C0AD0C41C24F00304A04207D0BA
:10D5A000211A284600F0E0F9013001D14FF0FF3494
:10D5B000204670BD000E00202DE9F041CD1C25F065
:10D5C000030508350C2D38BF0C25002D074601DB5F
:10D5D000A94205D90C233B6000263046BDE8F08106
:10D5E0002E4E00F03DFA33681C4634BB29463846BF
:10D5F000FFF7C2FF431C04464DD134682646002E77
:10D6000040D123683146384604EB030800F0ACF9FA
:10D6100080453AD1216803356D1A25F00305083598
:10D620000C2D38BF0C2529463846FFF7A5FF0130E1
:10D630002BD023682B4423600EE02268521B1ED49B
:10D640000B2A16D96119A342256018BF5960636877
:10D6500008BF316062514B60384604F10B0600F0A0
:10D6600005FA26F00706231DF21AB6D09B1BA3501D
:10D67000B3E76268A3420CBF32605A60ECE723460E
:10D680006468B2E734467668B9E70C233B603846F5
:10D6900000F0ECF9A1E72560DEE700BFFC0D0020FB
:10D6A0002DE9F0478E689E4282460C4690461F4602
:10D6B00038D88A8912F4906F32D025680969A5EBB1
:10D6C0000109656905EB450505EBD57501334B444B
:10D6D0006D109D4238BF1D46530531D52946FFF7D1
:10D6E0006BFF064650B90C23CAF80030A38943F0FB
:10D6F0004003A3814FF0FF30BDE8F08721694A461F
:10D70000FCF7AAFAA38923F4906343F08003A38172
:10D71000266165614E44A5EB09052660A5603E467D
:10D72000BE4200D93E4620683246414600F07EF9AE
:10D73000A3689B1BA3602368334423600020DBE7BE
:10D740002A4600F099F906460028E1D121695046A1
:10D75000FFF7C6FEC7E700002DE9F04F98468B891A
:10D760001B069DB007460D4614460ED50B6963B9DE
:10D770004021FFF721FF2860286120B90C233B607E
:10D780004FF0FF30D1E040236B6100230993202349
:10D790008DF82930CDF80C803023DFF8A8818DF882
:10D7A0002A304FF0010923469A4613F8012B0AB19B
:10D7B000252AF9D1BAEB040B0BD05B462246294649
:10D7C0003846FFF76DFF013000F0AA80099A5A44ED
:10D7D00009929AF80030002B00F0A28000234FF04D
:10D7E000FF32CDE905230AF1010A049307938DF86E
:10D7F00053301A935446052214F8011B5148F2F78E
:10D80000EFFC049AD8B9D00644BF20238DF85330DA
:10D81000110744BF2B238DF853309AF800302A2B80
:10D8200015D0079A544600204FF00A0C214611F8F3
:10D83000013B303B092B4ED9B0B1079214E0A0EB6D
:10D84000080309FA03F313430493A246D2E7039BA8
:10D85000191D1B680391002BBBBF5B4242F0020203
:10D8600007930793B8BF049223782E2B0CD16378CB
:10D870002A2B35D1039B1A1D1B680392002BB8BFBE
:10D880004FF0FF3302340593DFF8C8A0217803225C
:10D890005046F2F7A5FC40B14023A0EB0A0003FA82
:10D8A00000F0049B03430134049314F8011B264841
:10D8B0008DF828100622F2F793FC002838D0234B6D
:10D8C0001BBB039B073323F0070308330393099B18
:10D8D0003344099367E70CFB02320C460120A5E7AD
:10D8E00000230134059319464FF00A0C204610F826
:10D8F000012B303A092A03D9002BC5D00591C3E783
:10D900000CFB012104460123F0E703AB00932A46F8
:10D910000F4B04A93846FCF755FA421C0646D6D1EF
:10D92000AB895B063FF52CAF09981DB0BDE8F08FC1
:10D9300003AB00932A46064B04A93846FCF7E6FCE5
:10D94000EBE700BFBCF10008C6F10008C59D000868
:10D95000A1D60008C2F100089FED010B704700BF7F
:10D96000000000000000F87F38B5064D0023044693
:10D9700008462B60F5F79AFF431C02D12B6803B1D0
:10D98000236038BD040E002010B57AB1034601397A
:10D99000841813F8010B11F8012F904201D1A34212
:10D9A00001D1801A10BD0028F3D1FAE71046F9E73B
:10D9B00049B1FF2A85BF8A2303600A704FF0FF3008
:10D9C00098BF012070470846704700001FB51446F5
:10D9D0001A46094B1B680546D8684CB1074B0091A5
:10D9E000CDE9013406492B4600F00EF800F08CFA20
:10D9F000044B1C46F3E700BF18010020CDF10008DE
:10DA0000DAF1000808F200080EB403B5014603ABD2
:10DA1000054853F8042B0068019300F085F802B024
:10DA20005DF804EB03B0704718010020884210B580
:10DA300001EB020402D98442234607D8431EA142C7
:10DA400008D011F8012B03F8012FF8E70244014632
:10DA50008A4200D110BD13F8014D02F8014DF7E7DD
:10DA6000014800F011BC00BF080E0020014800F082
:10DA70000CBC00BF080E00202DE9F0418046144682
:10DA80000E4621B9BDE8F0411146FFF795BD2AB910
:10DA9000FFF726FD25462846BDE8F08100F05CFC36
:10DAA0008442074602D8B4EB500F12D821464046B4
:10DAB000FFF782FD05460028EDD0BC4222463146E4
:10DAC00028BF3A46FCF7C8F831464046FFF708FD44
:10DAD000E1E73546DFE79368013B002B10B4936024
:10DAE00008DA9469A34201DB0A2903D15DF8044BEB
:10DAF00000F04AB91368581C1060197008465DF8A8
:10DB0000044B7047F8B506460F461446D518AC428C
:10DB100001D1002007E014F8011B3A463046FFF718
:10DB2000DAFF431CF3D1F8BD2DE9F04F0D469DB04F
:10DB300014469846064618B183690BB900F006FBF7
:10DB4000894B9D421BD175686B6ED90705D4AB8993
:10DB50009A0502D4A86D00F097FBAB891B0701D58D
:10DB60002B69EBB92946304600F060F9C0B16B6E05
:10DB7000DC070ED54FF0FF301DB0BDE8F08F7B4BBA
:10DB80009D4201D1B568DFE7794B9D4208BFF5683A
:10DB9000DAE7AB899805EDD4A86D00F076FBE9E7EC
:10DBA0000023099320238DF82930CDF80C803023F1
:10DBB000DFF8C0818DF82A304FF0010923469A46DC
:10DBC00013F8012B0AB1252AF9D1BAEB040B0BD0BB
:10DBD0005B46224629463046FFF794FF013000F0AD
:10DBE000AA80099A5A4409929AF80030002B00F052
:10DBF000A28000234FF0FF32CDE905230AF1010A8C
:10DC0000049307938DF853301A935446052214F861
:10DC1000011B5848F2F7E4FA049AD8B9D10644BF78
:10DC200020238DF85330130744BF2B238DF8533036
:10DC30009AF800302A2B15D0079A544600204FF04E
:10DC40000A0C214611F8013B303B092B4ED9B0B1EB
:10DC5000079214E0A0EB080309FA03F313430493BB
:10DC6000A246D2E7039B191D1B680391002BBBBF83
:10DC70005B4242F0020207930793B8BF04922378F5
:10DC80002E2B0CD163782A2B35D1039B1A1D1B68D0
:10DC90000392002BB8BF4FF0FF3302340593DFF837
:10DCA000E4A0217803225046F2F79AFA40B14023CB
:10DCB000A0EB0A0003FA00F0049B03430134049331
:10DCC00014F8011B2C488DF828100622F2F788FA68
:10DCD00000283FD0294B1BBB039B073323F00703CE
:10DCE00008330393099B3B44099367E70CFB02321B
:10DCF0000C460120A5E700230134059319464FF097
:10DD00000A0C204610F8012B303A092A03D9002BBF
:10DD1000C5D00591C3E70CFB012104460123F0E7C0
:10DD200003AB00932A46164B04A93046FCF74AF889
:10DD30000746781CD6D16B6ED90705D4AB899A05F6
:10DD400002D4A86D00F0A1FAAB895B063FF512AFD3
:10DD5000099811E703AB00932A46094B04A9304602
:10DD6000FCF7D4FAE4E700BF2CF200084CF20008FC
:10DD70000CF20008BCF10008C6F10008C59D0008BF
:10DD800005DB0008C2F10008F8B50E46144605464A
:10DD900018B183690BB900F0D9F9214B9C422BD102
:10DDA0006C68A369A360A3891A072FD523696BB395
:10DDB00023692068C01A6369F6B28342374604DCDF
:10DDC0002146284600F02EF930BBA368013BA36032
:10DDD00023685A1C22601E7063690130834204D09C
:10DDE000A389DB0706D50A2E04D12146284600F078
:10DDF00019F988B93846F8BD0A4B9C4201D1AC6884
:10DE0000CFE7094B9C4208BFEC68CAE72146284689
:10DE100000F00CF80028CBD04FF0FF37EAE700BF46
:10DE20002CF200084CF200080CF20008324B70B5DE
:10DE30001D6806460C4625B1AB6913B9284600F0AB
:10DE400085F92E4B9C420FD16C68A389B4F90C2044
:10DE500019072CD4DD0611D40923336042F04003A6
:10DE6000A3814FF0FF303EE0254B9C4201D1AC68CE
:10DE7000EBE7244B9C4208BFEC68E6E7580712D555
:10DE8000616B41B104F14403994202D03046FFF77F
:10DE900027FB00236363A38923F02403A3810023CA
:10DEA000636023692360A38943F00803A381236986
:10DEB0004BB9A38903F42073B3F5007F03D0214647
:10DEC000304600F009FAA089B4F90C2010F00103E3
:10DED0000AD00023A36063695B42A361236943B94D
:10DEE00010F08000BAD170BD810758BF6369A3608C
:10DEF000F4E70020F7E700BF180100202CF200082B
:10DF00004CF200080CF2000808B5062000F054FAA4
:10DF10000120F5F753FC00008A892DE9F041054600
:10DF200010070C4658D44B68002B05DC0B6C002BFB
:10DF300002DC0020BDE8F081E66A002EF9D0002363
:10DF400012F480522F682B6032D0606DA3895A077B
:10DF500005D56368C01A636B0BB1236CC01A00232C
:10DF60000246E66A216A2846B047431CA38906D1C7
:10DF700029681D292CD82A4ACA40D60728D500224C
:10DF80006260D9042269226004D5421C01D12B6849
:10DF900003B96065616B2F600029CAD004F14403A6
:10DFA000994202D02846FFF79BFA00206063C1E740
:10DFB000216A01232846B047411CC7D12B68002B9A
:10DFC000C4D01D2B01D0162B01D12F60B1E7A3893E
:10DFD00043F04003A381ADE70F69002FA9D0930759
:10DFE0000E6808BF4B690F6018BF0023A6EB070837
:10DFF0008B60B8F1000F9CDD216AA66A43463A4661
:10E000002846B047002806DCA38943F04003A381DB
:10E010004FF0FF308EE70744A8EB0008E9E700BFA8
:10E020000100402038B50B6905460C4613B90025A0
:10E03000284638BD18B183690BB900F087F8144B36
:10E040009C421BD16C68B4F90C30002BEFD0626E8F
:10E05000D00704D4990502D4A06D00F015F9284624
:10E060002146FFF759FF636EDA070546E0D4A3891E
:10E070009B05DDD4A06D00F008F9D9E7054B9C4263
:10E0800001D1AC68DFE7044B9C4208BFEC68DAE7DB
:10E090002CF200084CF200080CF20008002310B526
:10E0A0000446C0E90033C0E90433836081814366DC
:10E0B000C2818361194608225C30FBF7DBFD054B0A
:10E0C0006362054BA362054BE362054B2462236345
:10E0D00010BD00BFF1E3000813E400084BE40008A2
:10E0E0006FE40008014900F0AFB800BF25E0000868
:10E0F00070B568224D1E55430E4605F17401FFF7B9
:10E100005BFA044640B10021C0E900160C30A06063
:10E1100005F16802FBF7AEFD204670BD014800F036
:10E12000B3B800BF090E0020014800F0AEB800BF30
:10E13000090E0020014800F0A7B800BF0A0E002019
:10E14000014800F0A2B800BF0A0E002010B5044636
:10E15000FFF7F0FFA3691BB1BDE81040FFF7F0BF68
:10E16000C4E912332365134B134A1B68A262A3420E
:10E1700004BF0123A361204600F020F86060204620
:10E1800000F01CF8A060204600F018F80022E060C3
:10E1900004216068FFF782FFA06801220921FFF7D0
:10E1A0007DFFE06802221221FFF778FF0123A361BF
:10E1B000D2E700BFC8ED0008E5E00008F8B5074663
:10E1C000FFF7ACFF1E4B1E68B36913B93046FFF76B
:10E1D000BDFF4836D6E90134013B03D533680BB3A4
:10E1E0003668F7E7B4F90C50D5B9164BE36004F183
:10E1F0005800656600F047F8FFF796FFC4E901553F
:10E20000C4E904552560A5610822294604F15C0093
:10E21000FBF730FDC4E90D55C4E912552046F8BDA1
:10E220006834D9E704213846FFF762FF04463060BE
:10E230000028D5D1FFF778FF0C233B60EEE700BF45
:10E24000C8ED00080100FFFF2DE9F84306468846A7
:10E2500000F148040027D4E90195B9F1010905D579
:10E260002468002CF7D13846BDE8F883AB89012B30
:10E2700007D9B5F90E30013303D029463046C047DF
:10E2800007436835E9E770477047704770B50E4639
:10E29000B1F90E10002996B014461D4608DAB6F9F9
:10E2A0000C3000222A601A0610D44FF480630EE06E
:10E2B0006A4600F003F90028F1DB019A02F470428B
:10E2C000A2F500535A425A412A60EEE7402300204B
:10E2D000236016B070BD00008B8973B59D0706469C
:10E2E0000C4607D504F147032360236101236361D2
:10E2F00002B070BD01AB6A46FFF7C8FF0099054642
:10E300003046FFF759F948B9B4F90C309A05EFD403
:10E3100023F0030343F00203A381E3E70D4BB36251
:10E32000A389206043F08003A381009B6361019B6C
:10E3300020615BB1B4F90E10304600F0D1F828B17D
:10E34000A38923F0030343F00103A381A0890543BC
:10E35000A581CDE7E5E0000851F8043C181F002B2B
:10E36000BCBF0B58C01870471F2938B504460D466E
:10E3700004D9162303604FF0FF3038BD426C12B150
:10E3800052F821304BB9204600F030F82A460146B9
:10E390002046BDE8384000F017B8012B0AD0591CC0
:10E3A00003D1162303600120E7E7002442F825404B
:10E3B000284698470020E0E7024B01461868FFF71F
:10E3C000D3BF00BF1801002038B5074D0023044615
:10E3D000084611462B60F5F7E1F9431C02D12B6882
:10E3E00003B1236038BD00BF040E0020F5F7CEB99D
:10E3F00010B50C46B1F90E1000F094F80028ABBF30
:10E40000636DA3891B1823F48053ACBF6365A3819C
:10E4100010BD2DE9F0411F468B89DB0505460C46F2
:10E42000164605D5B1F90E100223002200F068F857
:10E43000A389B4F90E1023F48053A38132463B46DE
:10E440002846BDE8F04100F017B810B50C46B1F908
:10E450000E1000F055F8431CA38915BF606523F426
:10E46000805343F48053A38118BFA38110BDB1F939
:10E470000E1000F013B8000038B5074D04460846EA
:10E48000114600222A601A46F5F7BFF9431C02D153
:10E490002B6803B1236038BD040E002038B5064D4B
:10E4A0000023044608462B60F5F7CBF9431C02D144
:10E4B0002B6803B1236038BD040E002038B5074D2A
:10E4C00000230446084611462B60F5F7C6F9431CA5
:10E4D00002D12B6803B1236038BD00BF040E0020B9
:10E4E00038B5064D0023044608462B60F5F7C5F9FC
:10E4F000431C02D12B6803B1236038BD040E0020F9
:10E5000038B5074D04460846114600222A601A46CF
:10E51000F5F7BEF9431C02D12B6803B1236038BD67
:10E52000040E002038B5074D044608461146002267
:10E530002A601A46F5F74CF9431C02D12B6803B147
:10E54000236038BD040E002000F022B800F0EAB8C5
:10E5500008B52DED028BB0EE408A00F083F9B4EEE1
:10E56000488AF1EE10FA0CD6DFED078AB4EEE88A9D
:10E57000F1EE10FA05D5FBF745FB88EEA80A21233A
:10E580000360BDEC028B08BD00000000000000002D
:10E590002DE9F84357EC116B7342DFF884E127F063
:10E5A0000042334342EAD373734551EC100B11EE32
:10E5B000108A0AD8444221F00043044343EAD47449
:10E5C000744510EE109A8C4607D932463B46F1F757
:10E5D0005DFE41EC100BBDE8F88307F1404404F503
:10E5E0008014344303D1BDE8F84300F041B9BC17AF
:10E5F00004F0020453EA090944EAD17407D1022C59
:10E6000060D0032CE5D142A1D1E90001E1E752EA53
:10E61000080806D1BCF1000F5FDA3FA1D1E9000183
:10E62000D7E772450FD1934204F1FF3407D1022C92
:10E630004CD8354B03EBC404D4E90001C9E7022CE4
:10E6400048D8324BF6E77345E4D09B1AB3F1747F98
:10E650004FEA23521EDA002F01DA3C321EDB32462B
:10E660003B46F2F7F3F841EC100B00F0A1FA00F092
:10E67000FFF851EC100B012C13D0022C15D0002CFC
:10E68000A7D019A3D3E90023F1F7FEFD18A3D3E91E
:10E69000002314E018A1D1E90001ECE700200021DB
:10E6A000E9E701F10043194693E70FA3D3E90023FB
:10E6B000F1F7EAFD02460B460DA1D1E90001F1F7A1
:10E6C000E3FD86E70AA1D1E9000182E70CA1D1E9C7
:10E6D00000017EE7002000217BE707A1D1E90001CE
:10E6E00077E700BFAFF30080075C143326A6A13C98
:10E6F000182D4454FB210940182D4454FB21F93FA7
:10E70000182D4454FB21E93F70F2000888F20008FC
:10E71000182D4454FB2109C0182D4454FB21F9BF86
:10E720000000F07F10EE902A22F00041B1F1FF4F7F
:10E7300010B5F0EE407A06DC10EE100A20F000432F
:10E74000B3F1FF4F04DD77EEA07AB0EE670A10BD9B
:10E75000B2F17E5F03D1BDE8104000F033BA9417E8
:10E7600004F0020444EAD07443B9022C5ED09FED59
:10E77000347A032C08BFF0EE477AE6E741B9DFEDC3
:10E78000317A9FED310A0028B8BFF0EE407ADCE71D
:10E79000B1F1FF4F10D1B3F1FF4F04F1FF3407D1B6
:10E7A000022C46D8294B03EB8404D4ED007ACCE745
:10E7B000022C41D8264BF6E7B3F1FF4FDFD05B1AAE
:10E7C000B3F1F45F4FEAE3511ADA002A01DA3C317F
:10E7D00019DB87EEA00A00F0C9FA00F0F3F9F0EEB9
:10E7E000407A012C12D0022C17D0002CADD09FED16
:10E7F000190A77EE807A9FED180A77EEC07AA4E7BF
:10E80000DFED107AEDE7DFED157AEAE717EE903AE3
:10E8100003F1004307EE903A97E79FED0E0A77EE7B
:10E82000807A9FED0D0A70EE677A8EE7DFED0A7A47
:10E830008BE7DFED0B7A88E7DFED087A85E700BF2D
:10E84000DB0F49C0DB0FC93FDB0FC9BFA0F20008D7
:10E85000ACF200082EBDBB33DB0F494000000000C6
:10E86000DB0F493FB1EEC00A704700000000000016
:10E870002DE9F84F55EC104BC34B25F000469E4256
:10E88000AB4618DDC14B9E4201DC09D144B12246A2
:10E890002B4620462946F1F7F9FC04460D4606E0D2
:10E8A000BBF1000F00F331819BA5D5E9004545EC94
:10E8B000104BBDE8F88FB64B9E4214DCA3F1DE731B
:10E8C0009E420DDC96A3D3E9002310EE100A2946E0
:10E8D000F1F7DCFCAF4B0022F2F71EF90028E6D17D
:10E8E0004FF0FF3A2BE000F063F9AB4B9E4255EC42
:10E8F000104B00F3BF80A3F550239E4200F3A0808D
:10E9000010EE102A10EE100A2B462946F1F7BEFC35
:10E91000A04B0022F1F7B8FC002206460F464FF04C
:10E92000804320462946F1F7B1FC02460B463046AB
:10E930003946F1F78BFF4FF0000A04460D46224698
:10E940002B4620462946F1F757FE02460B468046E5
:10E950008946F1F751FE74A3D3E9002306460F461A
:10E96000F1F74AFE72A3D3E90023F1F78FFC324698
:10E970003B46F1F741FE70A3D3E90023F1F786FC93
:10E9800032463B46F1F738FE6DA3D3E90023F1F799
:10E990007DFC32463B46F1F72FFE6BA3D3E9002303
:10E9A000F1F774FC32463B46F1F726FE68A3D3E943
:10E9B0000023F1F76BFC42464B46F1F71DFE66A3C0
:10E9C000D3E900238046894630463946F1F714FEE4
:10E9D00063A3D3E90023F1F757FC32463B46F1F736
:10E9E0000BFE61A3D3E90023F1F74EFC32463B4610
:10E9F000F1F702FE5EA3D3E90023F1F745FC3246AE
:10EA00003B46F1F7F9FD5CA3D3E90023F1F73CFCA9
:10EA100032463B46F1F7F0FD02460B46404649467A
:10EA2000F1F734FC22462B46F1F7E6FDBAF1FF3F41
:10EA300002460B464BD120462946F1F725FC2CE730
:10EA400010EE100A534B00222946F1F71DFC514BE2
:10EA500006460F46002220462946F1F717FC0246DB
:10EA60000B4630463946F1F7F1FE4FF0010A0446F5
:10EA70000D4664E7494B9E421DDA10EE100A484BE2
:10EA800000222946F1F700FC454B06460F460022BE
:10EA900020462946F1F7B0FD3E4B0022F1F7F6FB88
:10EAA00002460B4630463946F1F7D0FE4FF0020AD7
:10EAB00004460D4643E72B4610EE102A3949002044
:10EAC000F1F7C4FE4FF0030A04460D4637E7364B14
:10EAD000364E06EBCA0603EBCA0ADAE90023F1F761
:10EAE000D3FB22462B46F1F7CFFB02460B46D6E975
:10EAF0000001F1F7C9FBBBF1000F04460D46BFF65C
:10EB0000D6AE01F100431D46D1E61DA5D5E900456D
:10EB1000CDE600BFAFF30080182D4454FB21F9BFB0
:10EB20009C7500883CE4377E11DA22E33AAD903FD1
:10EB3000EB0D76244B7BA93F513DD0A0660DB13F34
:10EB40006E204CC5CD45B73FFF8300922449C23F9C
:10EB50000D5555555555D53F2F6C6A2C44B4A2BF61
:10EB60009AFDDE522DDEAD3F6D9A74AFF2B0B33F29
:10EB7000711623FEC671BC3FC4EB98999999C93FA1
:10EB8000182D4454FB21F93FFFFF0F440000F07F94
:10EB9000FFFFDB3F0000F03FFFFFF23F008003403C
:10EBA0000000F83F0000F0BFD8F20008B8F20008FB
:10EBB00051EC100B10EE102A21F0004343EC102B07
:10EBC0007047000038B510EE105A25F00044B4F13B
:10EBD000A14FF0EE407A10DBB4F1FF4F04DD70EE90
:10EBE000007AB0EE670A38BDDFED4D7A9FED4D0A31
:10EBF000002DD8BFF0EE407AF3E74B4B9C4210DC7F
:10EC0000B4F1445F0ADA9FED497A30EE077AF7EE05
:10EC1000006AB4EEE67AF1EE10FAE2DC4FF0FF3370
:10EC200013E000F0A3F8424B9C424FDCA3F5D00365
:10EC30009C4241DCF0EE007ABFEE007AA0EE277A2B
:10EC4000002330EE270AC7EE007A5A1C27EEA76A87
:10EC50009FED387ADFED385A9FED385A66EE066A36
:10EC6000E6EE875A9FED367AA5EEA67ADFED355AA5
:10EC7000E7EE265A9FED347AA5EEA67ADFED335AF9
:10EC8000E7EE265A9FED327AA6EE875A9FED317A4B
:10EC9000A5EE267A9FED305AA7EE265A9FED2F7AE1
:10ECA000A5EE267A27EE267AA5EE867A27EE877AD3
:10ECB00021D177EEC77A94E7F7EE007A30EE677AE3
:10ECC00030EE270A0123C7EE007ABEE7244B9C42B0
:10ECD0000BDCF7EE087AB7EE007AA0EE277A022373
:10ECE00070EE676AC6EE877AAFE7BFEE007AC7EECE
:10ECF000007A0323A9E71B4A1B4902EB830201EBBD
:10ED0000830393ED000A37EE407A92ED000A77EE26
:10ED1000677A002D70EE677AB8BFF1EE677A60E728
:10ED2000DB0FC93FDB0FC9BFFFFFDF3ECAF24971EE
:10ED3000FFFF973FD769853C59DA4B3D6BF16EBDBC
:10ED4000356B883D6E2EBA3D2549123EABAAAA3ED0
:10ED500021A215BD95879DBD388EE3BDCDCC4CBE9F
:10ED6000FFFF1B40F8F2000808F3000810EE103A0D
:10ED700023F0004300EE103A70470000F8B500BFE2
:10ED8000F8BC08BC9E467047F8B500BFF8BC08BC8C
:04ED90009E467047E4
:10ED9800FFFE0000FFF1FF0EFFFE0000FFF2FF0D77
:10EDA800FFFE0000FFF3FF0C000000000000000061
:10EDB8000102030406070809000000000102030419
:10EDC8001C010020494E4600696E66004E414E0007
:10EDD8006E616E00300030313233343536373839B1
:10EDE80041424344454600303132333435363738B2
:10EDF800396162636465660065256C640000000023
:10EE080035000000CEFBFFFFCB030000010000002F
:10EE18000000000034000000CEFBFFFFCB03000021
:10EE28000100000000000000BC89D897B2D29C3CC9
:10EE380033A7A8D523F649393DA7F444FD0FA532D9
:10EE48009D978CCF08BA5B25436FAC642806681180
:10EE580000202020202020202020282828282820A2
:10EE6800202020202020202020202020202020209A
:10EE78002088101010101010101010101010101002
:10EE880010040404040404040404041010101010F2
:10EE980010104141414141410101010101010101BC
:10EEA800010101010101010101010101101010100E
:10EEB800101042424242424202020202020202028E
:10EEC80002020202020202020202020210101010E2
:10EED800200000000000000000000000000000000A
:10EEE800000000000000000000000000000000001A
:10EEF800000000000000000000000000000000000A
:10EF080000000000000000000000000000000000F9
:10EF180000000000000000000000000000000000E9
:10EF280000000000000000000000000000000000D9
:10EF380000000000000000000000000000000000C9
:10EF480000000000000000000000000000000000B9
:10EF580000496E66696E697479004E614E005245CB
:10EF6800454E54206D616C6C6F63207375636365E7
:10EF780065646564002F6275696C642F676E752D12
:10EF8800746F6F6C732D666F722D73746D33325F8F
:10EF980031302E332D323032312E31302E32303264
:10EFA80031313130352D313130302F7372632F6E5E
:10EFB80065776C69622F6E65776C69622F6C696220
:10EFC800632F7374646C69622F64746F612E6300BD
:10EFD80042616C6C6F632073756363656564656417
:10EFE800002F6275696C642F676E752D746F6F6C76
:10EFF800732D666F722D73746D33325F31302E331B
:10F008002D323032312E31302E32303231313130F2
:10F01800352D313130302F7372632F6E65776C69FF
:10F02800622F6E65776C69622F6C6962632F7374E7
:10F03800646C69622F6764746F612D6765746865B5
:10F04800782E63002E0000004CF0000808F200083B
:10F058007C0100204300504F534958002F627569C6
:10F068006C642F676E752D746F6F6C732D666F727D
:10F078002D73746D33325F31302E332D323032318F
:10F088002E31302E32303231313130352D31313070
:10F09800302F7372632F6E65776C69622F6E657798
:10F0A8006C69622F6C6962632F7374646C69622F78
:10F0B8006D707265632E63000080E03779C3414349
:10F0C800176E05B5B5B89346F5F93FE9034F384DC6
:10F0D800321D30F94877825A3CBF737FDD4F157572
:10F0E800000000000000F03F000000000000244085
:10F0F80000000000000059400000000000408F4060
:10F10800000000000088C34000000000006AF840CA
:10F118000000000080842E4100000000D0126341EE
:10F128000000000084D797410000000065CDCD4164
:10F13800000000205FA00242000000E87648374245
:10F14800000000A2941A6D42000040E59C30A242E3
:10F158000000901EC4BCD64200003426F56B0C4358
:10F168000080E03779C3414300A0D88557347643FF
:10F1780000C84E676DC1AB43003D9160E458E14360
:10F18800408CB5781DAF154450EFE2D6E41A4B44D5
:10F1980092D54D06CFF08044F64AE1C7022DB5441A
:10F1A800B49DD9794378EA440500000019000000AD
:10F1B8007D000000232D302B2000686C4C00656614
:10F1C80067454647002C2066756E6374696F6E3A12
:10F1D8002000617373657274696F6E202225732233
:10F1E800206661696C65643A2066696C6520222531
:10F1F80073222C206C696E65202564257325730A9B
:10F2080000000000000000000000000000000000F6
:10F2180000000000000000000000000000000000E6
:10F2280000000000000000000000000000000000D6
:10F2380000000000000000000000000000000000C6
:10F2480000000000000000000000000000000000B6
:10F2580000000000000000000000000000000000A6
:10F268000000000000000000182D4454FB21E9BFF5
:10F27800D221337F7CD90240D221337F7CD902C08E
:10F288000000000000000080182D4454FB210940B4
:10F29800182D4454FB2109C0DB0F49BFE4CB1640AD
:10F2A800E4CB16C000000080DB0F4940DB0F49C0EB
:10F2B8004FBB610567ACDD3F182D4454FB21E93F86
:10F2C8009BF681D20B73EF3F182D4454FB21F93F75
:10F2D800E2652F227F2B7A3C075C143326A6813CFB
:10F2E800BDCBF07A8807703C075C143326A6913CA6
:10F2F8003863ED3EDA0F493F5E987B3FDA0FC93F2E
:10F308006937AC3168212233B40F14336821A23332
:08F318000C1AFF7F0100000048
:04F32000B50100082B
:04F32400910100084B
:10F32800080C002040BF000048E1FA3D0000000042
:10F33800C00B002040BF000048E1FA3D000000007B
:10F34800000C024010000000000C02400800000001
:10F35800E00C002000000000E8030000000C024060
:10F3680002000000000C024001000000E00C002038
:10F3780004000000E80300000000024200003443DB
:10F388000000000000000000D4050020000000007C
:10F398000000000000000000000000000000000065
:10F3A8000000000000000000000000000000000055
:10F3B8000000000000000000000000000000000045
:10F3C8000000000000000000000000000000000035
:10F3D8000000000000000000000000000000000025
:10F3E8000000000000000000000000000000000015
:10F3F8000000000000000000000000000000000005
:10F4080000000000000000000000000000000000F4
:10F4180000000000000000000000000000000000E4
:10F428000000000000000000000000000024F400BC
:10F4380010000000010000001C0100200000000076
:10F448002CF200084CF200080CF200080000000042
:10F4580000000000000000000000000000000000A4
:10F468000000000000000000000000000000000094
:10F478000000000000000000000000000000000084
:10F488000000000000000000000000000000000074
:10F49800000000000000000000000000FF00000065
:10F4A8004300000000000000000000000000000011
:10F4B8000000000000000000000000000000000044
:10F4C80043000000000000000000000000000000F1
:10F4D8000000000000000000000000000000000024
:10F4E80043000000000000000000000000000000D1
:10F4F8000000000000000000000000000000000004
:10F5080043000000000000000000000000000000B0
:10F5180000000000000000000000000000000000E3
:10F528004300000000000000000000000000000090
:10F5380000000000000000000000000000000000C3
:10F548004300000000000000000000000000000070
:10F5580000000000000000000000000000000000A3
:10F568004300000000000000000000000000000050
:10F578000000000000000000000000000000000083
:10F58800B1D900080DCB00080000000058EE0008B3
:10F598004CF0000808F2000808F2000808F2000819
:10F5A80008F2000808F2000808F2000808F200084B
:10F5B80008F2000808F20008FFFFFFFFFFFFFFFF47
:10F5C800FFFFFFFFFFFF00000100415343494900CF
:10F5D8000000000000000000000000000000000023
:10F5E80000000000000000000000415343494900AA
:10F5F8000000000000000000000000000000000003
:0CF60800000000000000000000000000F6
:04000005080043DDCF
:00000001FF
